ID_Operador;Nome;Turno;Setor
1;Operador 001;Manhã;Solda
2;Operador 002;Noite;Usinagem
3;Operador 003;Noite;Montagem
4;Operador 004;Noite;Montagem
5;Operador 005;Manhã;Acabamento
6;Operador 006;Tarde;Solda
7;Operador 007;Noite;Montagem
8;Operador 008;Noite;Solda
9;Operador 009;Manhã;Montagem
10;Operador 010;Manhã;Solda
11;Operador 011;Tarde;Solda
12;Operador 012;Manhã;Montagem
13;Operador 013;Noite;Solda
14;Operador 014;Manhã;Acabamento
15;Operador 015;Tarde;Acabamento
16;Operador 016;Manhã;Solda
17;Operador 017;Manhã;Montagem
18;Operador 018;Noite;Solda
19;Operador 019;Noite;Acabamento
20;Operador 020;Noite;Acabamento
21;Operador 021;Tarde;Montagem
22;Operador 022;Manhã;Acabamento
23;Operador 023;Manhã;Usinagem
24;Operador 024;Manhã;Montagem
25;Operador 025;Noite;Montagem
26;Operador 026;Noite;Acabamento
27;Operador 027;Noite;Usinagem
28;Operador 028;Tarde;Acabamento
29;Operador 029;Noite;Acabamento
30;Operador 030;Noite;Solda
31;Operador 031;Noite;Usinagem
32;Operador 032;Noite;Usinagem
33;Operador 033;Noite;Solda
34;Operador 034;Noite;Solda
35;Operador 035;Manhã;Solda
36;Operador 036;Tarde;Montagem
37;Operador 037;Tarde;Usinagem
38;Operador 038;Noite;Solda
39;Operador 039;Noite;Montagem
40;Operador 040;Noite;Usinagem
41;Operador 041;Noite;Solda
42;Operador 042;Noite;Montagem
43;Operador 043;Manhã;Solda
44;Operador 044;Manhã;Usinagem
45;Operador 045;Noite;Solda
46;Operador 046;Tarde;Usinagem
47;Operador 047;Manhã;Solda
48;Operador 048;Tarde;Montagem
49;Operador 049;Manhã;Montagem
50;Operador 050;Noite;Usinagem
51;Operador 051;Manhã;Acabamento
52;Operador 052;Manhã;Montagem
53;Operador 053;Manhã;Acabamento
54;Operador 054;Noite;Montagem
55;Operador 055;Tarde;Acabamento
56;Operador 056;Manhã;Montagem
57;Operador 057;Noite;Solda
58;Operador 058;Tarde;Solda
59;Operador 059;Tarde;Acabamento
60;Operador 060;Manhã;Montagem
