ID_Producao;Data;ID_Produto;Quantidade_Produzida;Quantidade_Defeituosa;Tempo_Real_Minutos;Linha_Producao
1;2026-01-01;3;166;1;1494;Linha B
2;2026-01-01;1;98;5;287;Linha A
3;2026-01-01;11;98;4;372;Linha B
4;2026-01-01;18;113;6;317;Linha B
5;2026-01-01;16;184;4;2454;Linha C
6;2026-01-01;14;185;7;1811;Linha A
7;2026-01-01;2;183;11;1125;Linha B
8;2026-01-01;18;194;3;668;Linha B
9;2026-01-01;3;193;12;1669;Linha A
10;2026-01-02;8;122;4;224;Linha D
11;2026-01-02;2;122;4;548;Linha D
12;2026-01-02;10;188;11;701;Linha D
13;2026-01-02;5;128;3;557;Linha A
14;2026-01-02;11;94;1;310;Linha B
15;2026-01-02;2;210;3;1087;Linha A
16;2026-01-02;8;183;3;312;Linha A
17;2026-01-02;20;100;3;373;Linha C
18;2026-01-03;7;251;15;1378;Linha B
19;2026-01-03;10;197;6;915;Linha A
20;2026-01-03;3;217;5;2276;Linha C
21;2026-01-03;3;142;5;1808;Linha C
22;2026-01-03;20;247;11;856;Linha A
23;2026-01-03;5;147;2;668;Linha B
24;2026-01-03;9;152;7;1675;Linha C
25;2026-01-03;17;205;5;626;Linha D
26;2026-01-03;9;91;0;1257;Linha C
27;2026-01-03;6;269;11;2488;Linha A
28;2026-01-04;5;219;2;763;Linha B
29;2026-01-04;14;112;1;928;Linha A
30;2026-01-04;12;133;7;1141;Linha D
31;2026-01-04;20;271;5;1456;Linha B
32;2026-01-04;14;86;1;692;Linha D
33;2026-01-04;8;148;3;393;Linha A
34;2026-01-04;16;136;3;1212;Linha B
35;2026-01-04;8;86;4;163;Linha A
36;2026-01-05;9;169;9;1932;Linha C
37;2026-01-05;1;109;7;251;Linha C
38;2026-01-05;2;107;5;600;Linha C
39;2026-01-05;14;235;18;2128;Linha B
40;2026-01-05;9;91;5;1371;Linha B
41;2026-01-05;12;190;2;1404;Linha A
42;2026-01-05;10;209;6;776;Linha C
43;2026-01-05;18;112;2;352;Linha B
44;2026-01-05;20;225;6;900;Linha C
45;2026-01-05;10;133;5;489;Linha C
46;2026-01-05;15;193;7;2366;Linha B
47;2026-01-05;3;152;7;1410;Linha B
48;2026-01-05;10;137;9;568;Linha B
49;2026-01-05;16;236;16;2981;Linha B
50;2026-01-06;13;206;7;656;Linha A
51;2026-01-06;4;279;11;3508;Linha D
52;2026-01-06;2;222;6;1447;Linha D
53;2026-01-06;17;223;11;574;Linha D
54;2026-01-06;18;194;14;574;Linha B
55;2026-01-06;9;276;17;3112;Linha C
56;2026-01-06;15;99;5;1134;Linha C
57;2026-01-06;18;100;1;354;Linha B
58;2026-01-06;7;96;3;512;Linha D
59;2026-01-06;2;132;9;703;Linha A
60;2026-01-06;19;177;7;1251;Linha D
61;2026-01-06;14;217;13;1463;Linha B
62;2026-01-06;16;136;3;1102;Linha C
63;2026-01-07;13;265;5;738;Linha A
64;2026-01-07;13;231;11;703;Linha D
65;2026-01-07;5;198;4;652;Linha B
66;2026-01-07;15;163;5;1531;Linha D
67;2026-01-07;9;100;4;877;Linha C
68;2026-01-07;8;246;3;723;Linha B
69;2026-01-07;7;85;4;447;Linha A
70;2026-01-07;19;135;5;1083;Linha B
71;2026-01-07;20;235;18;1390;Linha B
72;2026-01-07;10;107;5;468;Linha D
73;2026-01-07;13;263;6;634;Linha B
74;2026-01-07;4;258;16;2433;Linha A
75;2026-01-07;12;216;8;1362;Linha C
76;2026-01-08;14;205;3;1590;Linha D
77;2026-01-08;5;191;4;611;Linha C
78;2026-01-08;20;217;13;852;Linha C
79;2026-01-08;11;142;9;605;Linha D
80;2026-01-08;8;272;11;521;Linha C
81;2026-01-08;1;206;14;577;Linha C
82;2026-01-08;9;167;4;1760;Linha C
83;2026-01-08;18;82;3;266;Linha D
84;2026-01-09;18;274;7;854;Linha D
85;2026-01-09;15;84;1;999;Linha B
86;2026-01-09;10;249;12;985;Linha C
87;2026-01-09;14;270;13;2131;Linha C
88;2026-01-09;10;144;3;651;Linha B
89;2026-01-09;7;135;8;756;Linha C
90;2026-01-09;4;129;3;1230;Linha A
91;2026-01-09;18;112;3;468;Linha B
92;2026-01-09;16;106;7;850;Linha D
93;2026-01-09;15;167;3;2141;Linha D
94;2026-01-09;4;96;3;1280;Linha A
95;2026-01-10;5;224;17;1083;Linha A
96;2026-01-10;18;275;10;816;Linha B
97;2026-01-10;17;177;7;418;Linha D
98;2026-01-10;10;225;12;905;Linha A
99;2026-01-10;7;240;5;1435;Linha B
100;2026-01-10;18;99;2;292;Linha D
101;2026-01-10;10;88;2;398;Linha D
102;2026-01-10;3;255;6;3206;Linha B
103;2026-01-10;14;109;5;1006;Linha B
104;2026-01-11;2;122;7;573;Linha C
105;2026-01-11;15;111;4;1287;Linha C
106;2026-01-11;17;218;9;769;Linha D
107;2026-01-11;11;234;6;983;Linha A
108;2026-01-11;9;227;2;2999;Linha D
109;2026-01-11;9;126;10;1423;Linha D
110;2026-01-11;3;200;6;2218;Linha A
111;2026-01-11;6;164;6;1406;Linha D
112;2026-01-12;18;89;3;273;Linha A
113;2026-01-12;13;211;14;756;Linha D
114;2026-01-12;14;93;2;718;Linha D
115;2026-01-12;15;274;3;3054;Linha C
116;2026-01-12;15;258;11;4005;Linha B
117;2026-01-12;6;159;7;1293;Linha B
118;2026-01-12;4;198;15;2297;Linha C
119;2026-01-12;17;260;7;735;Linha B
120;2026-01-12;15;221;4;3011;Linha B
121;2026-01-12;3;150;9;1520;Linha C
122;2026-01-12;1;152;9;327;Linha D
123;2026-01-12;5;194;9;631;Linha D
124;2026-01-12;15;162;11;2018;Linha B
125;2026-01-12;14;91;2;653;Linha D
126;2026-01-13;5;206;15;780;Linha C
127;2026-01-13;4;192;3;1582;Linha B
128;2026-01-13;14;247;19;2290;Linha C
129;2026-01-13;11;239;13;1188;Linha D
130;2026-01-13;11;240;14;872;Linha A
131;2026-01-13;20;97;2;484;Linha A
132;2026-01-13;14;105;6;966;Linha C
133;2026-01-13;1;91;2;271;Linha C
134;2026-01-13;14;117;3;809;Linha B
135;2026-01-13;6;124;1;1165;Linha B
136;2026-01-13;16;229;4;2209;Linha D
137;2026-01-14;1;199;14;380;Linha D
138;2026-01-14;12;230;7;1572;Linha D
139;2026-01-14;10;130;10;452;Linha D
140;2026-01-14;19;171;8;1112;Linha D
141;2026-01-14;9;82;4;1366;Linha D
142;2026-01-14;10;278;18;1075;Linha B
143;2026-01-14;7;238;6;1445;Linha A
144;2026-01-14;10;192;2;875;Linha A
145;2026-01-14;10;163;10;713;Linha C
146;2026-01-14;17;208;15;593;Linha D
147;2026-01-15;10;271;19;1440;Linha A
148;2026-01-15;5;273;21;954;Linha C
149;2026-01-15;3;181;1;1578;Linha C
150;2026-01-15;9;229;8;2452;Linha B
151;2026-01-15;16;86;4;698;Linha B
152;2026-01-15;3;242;16;2936;Linha A
153;2026-01-15;5;91;6;352;Linha A
154;2026-01-15;4;140;10;1576;Linha C
155;2026-01-15;18;187;9;757;Linha A
156;2026-01-15;16;237;9;2115;Linha C
157;2026-01-15;7;193;7;1242;Linha A
158;2026-01-15;12;219;16;1378;Linha C
159;2026-01-15;7;111;8;473;Linha B
160;2026-01-15;20;85;1;347;Linha B
161;2026-01-16;19;132;1;757;Linha B
162;2026-01-16;8;164;10;259;Linha B
163;2026-01-16;5;218;6;738;Linha A
164;2026-01-16;5;83;2;322;Linha A
165;2026-01-16;6;147;2;1347;Linha A
166;2026-01-16;16;194;12;1696;Linha D
167;2026-01-16;17;136;10;496;Linha C
168;2026-01-16;15;244;18;3811;Linha D
169;2026-01-16;14;255;4;1532;Linha A
170;2026-01-16;11;235;4;889;Linha C
171;2026-01-16;13;232;10;580;Linha D
172;2026-01-16;4;259;4;2391;Linha B
173;2026-01-16;14;195;14;1267;Linha D
174;2026-01-16;13;186;11;501;Linha C
175;2026-01-17;5;255;19;965;Linha A
176;2026-01-17;3;190;3;2403;Linha A
177;2026-01-17;19;223;10;2034;Linha D
178;2026-01-17;2;153;7;720;Linha B
179;2026-01-17;5;248;10;1013;Linha C
180;2026-01-17;4;275;8;3460;Linha A
181;2026-01-17;20;248;16;951;Linha C
182;2026-01-17;10;166;5;871;Linha D
183;2026-01-17;3;116;7;1502;Linha B
184;2026-01-17;13;187;7;551;Linha C
185;2026-01-18;19;232;3;1965;Linha A
186;2026-01-18;3;149;6;1573;Linha D
187;2026-01-18;14;149;3;830;Linha D
188;2026-01-18;4;152;8;1318;Linha C
189;2026-01-18;2;136;5;525;Linha B
190;2026-01-18;10;134;8;541;Linha A
191;2026-01-18;1;207;12;523;Linha B
192;2026-01-18;17;223;15;541;Linha A
193;2026-01-18;14;84;3;862;Linha D
194;2026-01-18;19;183;10;1172;Linha D
195;2026-01-18;1;163;3;339;Linha C
196;2026-01-18;3;191;13;2431;Linha D
197;2026-01-18;17;100;3;293;Linha B
198;2026-01-18;11;279;6;874;Linha B
199;2026-01-19;12;169;10;1246;Linha B
200;2026-01-19;9;130;2;1854;Linha A
201;2026-01-19;6;277;14;2695;Linha D
202;2026-01-19;19;244;13;1447;Linha C
203;2026-01-19;5;192;2;616;Linha C
204;2026-01-19;19;94;3;833;Linha D
205;2026-01-19;2;94;3;439;Linha A
206;2026-01-19;20;232;10;948;Linha A
207;2026-01-19;15;226;12;2557;Linha B
208;2026-01-19;2;195;3;1165;Linha A
209;2026-01-19;17;245;5;791;Linha D
210;2026-01-19;17;213;11;565;Linha C
211;2026-01-19;13;184;11;370;Linha C
212;2026-01-19;3;164;2;1636;Linha B
213;2026-01-20;3;229;12;2531;Linha D
214;2026-01-20;5;232;13;937;Linha D
215;2026-01-20;11;112;6;301;Linha D
216;2026-01-20;17;172;1;431;Linha B
217;2026-01-20;11;276;12;1264;Linha B
218;2026-01-20;3;155;10;2263;Linha A
219;2026-01-20;11;276;14;806;Linha B
220;2026-01-20;6;257;16;3030;Linha A
221;2026-01-20;14;173;9;1621;Linha C
222;2026-01-20;15;139;6;1723;Linha D
223;2026-01-21;7;174;10;866;Linha D
224;2026-01-21;10;279;10;975;Linha B
225;2026-01-21;7;234;4;1084;Linha D
226;2026-01-21;12;221;16;1442;Linha C
227;2026-01-21;3;275;5;3237;Linha B
228;2026-01-21;14;103;7;929;Linha C
229;2026-01-21;1;186;2;378;Linha D
230;2026-01-21;3;175;4;2280;Linha C
231;2026-01-21;5;115;1;375;Linha B
232;2026-01-21;16;194;10;2155;Linha B
233;2026-01-21;5;220;16;629;Linha A
234;2026-01-21;10;140;4;697;Linha D
235;2026-01-21;3;108;7;1175;Linha A
236;2026-01-21;17;227;6;654;Linha A
237;2026-01-22;12;141;7;1170;Linha A
238;2026-01-22;17;172;2;398;Linha A
239;2026-01-22;13;200;2;565;Linha C
240;2026-01-22;1;171;11;402;Linha A
241;2026-01-22;19;268;16;1950;Linha C
242;2026-01-22;6;279;16;2630;Linha B
243;2026-01-22;3;263;16;2435;Linha B
244;2026-01-22;2;131;9;773;Linha D
245;2026-01-22;18;201;5;694;Linha A
246;2026-01-22;11;149;2;531;Linha D
247;2026-01-22;15;178;6;2173;Linha D
248;2026-01-22;12;212;6;2012;Linha A
249;2026-01-23;20;126;6;494;Linha C
250;2026-01-23;10;158;6;560;Linha D
251;2026-01-23;12;194;2;1430;Linha D
252;2026-01-23;9;243;19;3219;Linha D
253;2026-01-23;12;211;13;1883;Linha B
254;2026-01-23;20;253;16;1249;Linha B
255;2026-01-23;12;172;6;894;Linha B
256;2026-01-23;15;174;6;2440;Linha C
257;2026-01-23;13;160;8;550;Linha A
258;2026-01-23;6;207;9;1546;Linha C
259;2026-01-23;15;134;10;1551;Linha D
260;2026-01-24;4;114;7;986;Linha D
261;2026-01-24;3;254;19;3097;Linha A
262;2026-01-24;18;218;6;788;Linha B
263;2026-01-24;12;210;5;1801;Linha B
264;2026-01-24;16;86;3;706;Linha B
265;2026-01-24;20;102;1;463;Linha D
266;2026-01-24;17;185;11;374;Linha C
267;2026-01-24;3;195;8;1814;Linha B
268;2026-01-24;5;190;8;883;Linha B
269;2026-01-25;6;121;3;1289;Linha C
270;2026-01-25;3;144;3;1313;Linha C
271;2026-01-25;20;216;3;1082;Linha B
272;2026-01-25;6;248;13;1977;Linha A
273;2026-01-25;1;100;1;197;Linha B
274;2026-01-25;19;186;9;1738;Linha C
275;2026-01-25;10;203;5;747;Linha A
276;2026-01-25;2;120;4;570;Linha C
277;2026-01-25;20;116;3;543;Linha C
278;2026-01-25;13;113;7;263;Linha C
279;2026-01-26;15;111;3;1223;Linha A
280;2026-01-26;10;178;12;646;Linha B
281;2026-01-26;11;227;13;981;Linha D
282;2026-01-26;17;199;8;546;Linha A
283;2026-01-26;13;209;8;588;Linha C
284;2026-01-26;2;92;2;447;Linha D
285;2026-01-26;10;217;2;1141;Linha C
286;2026-01-26;12;275;10;2391;Linha B
287;2026-01-26;12;221;6;1438;Linha C
288;2026-01-27;20;254;13;1402;Linha D
289;2026-01-27;12;166;8;1269;Linha B
290;2026-01-27;20;210;8;1011;Linha B
291;2026-01-27;11;201;9;834;Linha B
292;2026-01-27;11;236;7;883;Linha C
293;2026-01-27;19;166;7;1043;Linha C
294;2026-01-27;16;84;3;1214;Linha C
295;2026-01-27;1;232;10;499;Linha A
296;2026-01-27;19;202;4;1353;Linha D
297;2026-01-27;5;254;6;810;Linha A
298;2026-01-27;7;84;3;364;Linha B
299;2026-01-27;14;208;13;1558;Linha A
300;2026-01-27;5;212;5;821;Linha D
301;2026-01-27;17;176;5;531;Linha C
302;2026-01-28;12;253;16;1863;Linha B
303;2026-01-28;8;151;7;413;Linha C
304;2026-01-28;10;260;6;963;Linha C
305;2026-01-28;18;264;7;1110;Linha D
306;2026-01-28;13;168;12;483;Linha C
307;2026-01-28;3;168;12;2091;Linha B
308;2026-01-28;7;217;6;1005;Linha B
309;2026-01-28;4;237;14;2558;Linha B
310;2026-01-28;8;93;1;216;Linha A
311;2026-01-28;5;81;6;299;Linha D
312;2026-01-28;16;246;5;2393;Linha A
313;2026-01-28;3;246;12;2545;Linha A
314;2026-01-29;14;125;9;1327;Linha D
315;2026-01-29;16;127;9;1432;Linha A
316;2026-01-29;10;225;11;908;Linha D
317;2026-01-29;5;209;8;858;Linha C
318;2026-01-29;6;267;11;2832;Linha A
319;2026-01-29;11;155;7;569;Linha D
320;2026-01-29;14;211;6;1501;Linha B
321;2026-01-29;5;202;6;662;Linha D
322;2026-01-29;8;194;12;403;Linha A
323;2026-01-30;12;257;6;2275;Linha B
324;2026-01-30;13;255;11;737;Linha C
325;2026-01-30;12;237;6;1871;Linha D
326;2026-01-30;20;175;6;713;Linha B
327;2026-01-30;8;254;15;703;Linha C
328;2026-01-30;3;224;3;2415;Linha B
329;2026-01-30;19;217;4;1780;Linha D
330;2026-01-30;4;254;6;2205;Linha D
331;2026-01-30;2;196;3;929;Linha A
332;2026-01-30;18;198;11;693;Linha D
333;2026-01-31;1;270;6;747;Linha C
334;2026-01-31;3;218;17;3598;Linha D
335;2026-01-31;2;153;5;962;Linha D
336;2026-01-31;12;177;7;1111;Linha B
337;2026-01-31;12;110;2;636;Linha B
338;2026-01-31;8;80;5;174;Linha D
339;2026-01-31;18;177;11;642;Linha B
340;2026-01-31;9;128;9;1673;Linha D
341;2026-01-31;20;276;20;1410;Linha A
342;2026-01-31;4;232;2;2115;Linha A
343;2026-02-01;2;182;7;739;Linha A
344;2026-02-01;5;208;16;855;Linha C
345;2026-02-01;19;233;14;1617;Linha B
346;2026-02-01;17;136;5;329;Linha B
347;2026-02-01;14;222;9;1860;Linha D
348;2026-02-01;17;161;9;363;Linha D
349;2026-02-01;6;273;13;3325;Linha C
350;2026-02-01;5;198;14;549;Linha D
351;2026-02-01;18;215;4;735;Linha C
352;2026-02-02;3;195;13;2869;Linha B
353;2026-02-02;2;148;5;669;Linha A
354;2026-02-02;7;274;14;1112;Linha B
355;2026-02-02;11;157;12;656;Linha B
356;2026-02-02;4;271;21;2865;Linha B
357;2026-02-02;13;141;6;375;Linha C
358;2026-02-02;10;146;5;564;Linha D
359;2026-02-02;11;132;4;381;Linha B
360;2026-02-02;5;84;2;243;Linha D
361;2026-02-02;10;119;2;548;Linha B
362;2026-02-02;16;220;12;2101;Linha D
363;2026-02-02;16;197;4;1833;Linha D
364;2026-02-02;6;218;17;2745;Linha A
365;2026-02-03;2;275;2;1764;Linha B
366;2026-02-03;3;261;5;3386;Linha C
367;2026-02-03;2;238;13;1165;Linha D
368;2026-02-03;1;81;3;161;Linha C
369;2026-02-03;18;153;1;497;Linha B
370;2026-02-03;4;104;4;1106;Linha C
371;2026-02-03;12;148;9;1276;Linha D
372;2026-02-03;15;224;6;2588;Linha A
373;2026-02-03;2;103;3;501;Linha A
374;2026-02-03;1;259;5;651;Linha C
375;2026-02-03;19;104;7;900;Linha D
376;2026-02-03;9;91;6;1209;Linha A
377;2026-02-03;6;160;1;1821;Linha D
378;2026-02-03;3;156;3;2057;Linha D
379;2026-02-04;18;164;6;648;Linha A
380;2026-02-04;17;270;21;826;Linha B
381;2026-02-04;3;167;8;1823;Linha D
382;2026-02-04;11;87;4;286;Linha C
383;2026-02-04;18;176;7;505;Linha A
384;2026-02-04;20;155;10;755;Linha B
385;2026-02-04;13;262;16;852;Linha C
386;2026-02-04;12;107;1;753;Linha C
387;2026-02-04;4;113;1;1058;Linha D
388;2026-02-04;4;86;1;665;Linha C
389;2026-02-04;13;83;2;223;Linha B
390;2026-02-04;19;213;4;1317;Linha C
391;2026-02-04;10;148;6;721;Linha C
392;2026-02-05;10;203;13;811;Linha B
393;2026-02-05;16;232;12;1926;Linha C
394;2026-02-05;1;181;6;369;Linha C
395;2026-02-05;15;165;6;1362;Linha C
396;2026-02-05;20;257;6;1031;Linha D
397;2026-02-05;11;154;9;573;Linha B
398;2026-02-05;11;176;5;559;Linha B
399;2026-02-05;19;219;4;1188;Linha D
400;2026-02-05;7;192;12;1377;Linha D
401;2026-02-05;16;115;6;1218;Linha B
402;2026-02-05;14;176;2;1090;Linha D
403;2026-02-06;17;257;10;953;Linha C
404;2026-02-06;18;232;12;855;Linha B
405;2026-02-06;12;122;6;1109;Linha D
406;2026-02-06;11;190;3;805;Linha B
407;2026-02-06;15;175;6;1687;Linha B
408;2026-02-06;12;86;3;600;Linha A
409;2026-02-06;4;266;5;2660;Linha B
410;2026-02-06;17;203;6;686;Linha D
411;2026-02-06;11;97;3;382;Linha C
412;2026-02-06;4;253;16;2950;Linha B
413;2026-02-06;11;223;8;682;Linha D
414;2026-02-06;6;127;6;1122;Linha B
415;2026-02-07;19;189;7;1444;Linha A
416;2026-02-07;19;106;6;604;Linha C
417;2026-02-07;7;197;3;952;Linha C
418;2026-02-07;20;179;9;587;Linha C
419;2026-02-07;15;238;5;2916;Linha A
420;2026-02-07;5;160;2;488;Linha C
421;2026-02-07;5;210;7;537;Linha D
422;2026-02-07;14;127;5;833;Linha B
423;2026-02-07;18;122;5;409;Linha D
424;2026-02-07;20;93;6;509;Linha B
425;2026-02-07;13;223;10;543;Linha D
426;2026-02-08;15;205;4;1638;Linha B
427;2026-02-08;10;88;2;296;Linha D
428;2026-02-08;19;270;17;1860;Linha A
429;2026-02-08;19;109;3;739;Linha C
430;2026-02-08;18;273;3;829;Linha D
431;2026-02-08;4;268;18;2940;Linha A
432;2026-02-08;15;147;5;1987;Linha A
433;2026-02-08;8;133;8;256;Linha D
434;2026-02-08;6;237;4;2861;Linha A
435;2026-02-08;19;169;7;1064;Linha C
436;2026-02-08;10;154;7;623;Linha A
437;2026-02-09;14;95;7;832;Linha B
438;2026-02-09;8;117;6;306;Linha D
439;2026-02-09;16;116;5;1228;Linha D
440;2026-02-09;15;99;5;1325;Linha C
441;2026-02-09;12;196;14;1432;Linha A
442;2026-02-09;15;242;13;2916;Linha D
443;2026-02-09;7;189;12;849;Linha C
444;2026-02-09;11;220;11;729;Linha C
445;2026-02-09;2;91;1;379;Linha B
446;2026-02-10;15;80;6;735;Linha B
447;2026-02-10;10;120;8;457;Linha C
448;2026-02-10;9;101;3;1181;Linha C
449;2026-02-10;8;189;10;449;Linha D
450;2026-02-10;3;113;5;1151;Linha A
451;2026-02-10;1;258;8;924;Linha D
452;2026-02-10;5;202;3;556;Linha A
453;2026-02-10;4;160;5;1506;Linha B
454;2026-02-10;5;97;4;425;Linha B
455;2026-02-10;15;169;10;2302;Linha D
456;2026-02-10;7;102;7;639;Linha D
457;2026-02-11;14;160;10;1248;Linha A
458;2026-02-11;8;221;11;381;Linha A
459;2026-02-11;10;132;6;431;Linha D
460;2026-02-11;10;245;3;1166;Linha A
461;2026-02-11;8;207;11;573;Linha A
462;2026-02-11;12;161;3;938;Linha B
463;2026-02-11;16;277;4;2082;Linha C
464;2026-02-11;7;90;6;432;Linha D
465;2026-02-11;14;259;9;1631;Linha B
466;2026-02-11;9;101;3;1125;Linha B
467;2026-02-12;11;180;9;774;Linha D
468;2026-02-12;8;94;2;168;Linha A
469;2026-02-12;10;250;15;1067;Linha B
470;2026-02-12;1;121;5;308;Linha C
471;2026-02-12;6;175;3;1863;Linha A
472;2026-02-12;1;165;10;420;Linha C
473;2026-02-12;19;240;3;1636;Linha A
474;2026-02-12;16;225;4;2386;Linha A
475;2026-02-12;19;252;15;2231;Linha A
476;2026-02-12;2;83;2;383;Linha B
477;2026-02-12;6;89;4;749;Linha B
478;2026-02-12;14;264;8;2516;Linha A
479;2026-02-13;2;125;3;622;Linha D
480;2026-02-13;3;199;14;2211;Linha D
481;2026-02-13;1;174;4;395;Linha B
482;2026-02-13;15;174;8;1976;Linha B
483;2026-02-13;18;274;18;869;Linha D
484;2026-02-13;1;139;6;493;Linha A
485;2026-02-13;13;268;16;847;Linha B
486;2026-02-13;14;205;15;1802;Linha A
487;2026-02-13;2;139;10;597;Linha C
488;2026-02-13;15;271;4;3731;Linha D
489;2026-02-13;3;231;11;2557;Linha B
490;2026-02-13;8;154;4;378;Linha D
491;2026-02-14;11;161;6;574;Linha B
492;2026-02-14;5;279;17;1077;Linha B
493;2026-02-14;15;199;6;2763;Linha B
494;2026-02-14;15;158;6;1929;Linha C
495;2026-02-14;20;90;2;358;Linha B
496;2026-02-14;12;181;8;1209;Linha B
497;2026-02-14;1;183;12;411;Linha B
498;2026-02-14;4;198;3;2061;Linha A
499;2026-02-14;8;113;2;218;Linha A
500;2026-02-14;19;230;6;1870;Linha A
501;2026-02-14;7;245;10;1277;Linha C
502;2026-02-14;4;90;6;1069;Linha D
503;2026-02-14;13;207;2;471;Linha B
504;2026-02-15;9;151;6;1756;Linha B
505;2026-02-15;10;207;8;735;Linha A
506;2026-02-15;9;178;3;2463;Linha B
507;2026-02-15;18;84;6;275;Linha D
508;2026-02-15;12;224;10;1364;Linha A
509;2026-02-15;11;232;5;740;Linha D
510;2026-02-15;17;171;10;590;Linha A
511;2026-02-15;8;248;6;493;Linha A
512;2026-02-15;8;227;15;436;Linha B
513;2026-02-16;8;231;7;565;Linha A
514;2026-02-16;12;225;11;1504;Linha D
515;2026-02-16;18;159;3;582;Linha B
516;2026-02-16;20;136;1;469;Linha B
517;2026-02-16;5;167;10;501;Linha B
518;2026-02-16;19;260;19;2660;Linha C
519;2026-02-16;3;175;10;1898;Linha C
520;2026-02-16;10;162;3;821;Linha D
521;2026-02-16;16;246;7;2207;Linha C
522;2026-02-17;19;124;4;833;Linha A
523;2026-02-17;19;180;12;978;Linha C
524;2026-02-17;20;136;7;837;Linha B
525;2026-02-17;11;270;4;1109;Linha B
526;2026-02-17;3;261;14;2998;Linha C
527;2026-02-17;7;143;8;704;Linha A
528;2026-02-17;1;92;3;238;Linha D
529;2026-02-17;16;176;6;1458;Linha D
530;2026-02-17;19;246;15;1856;Linha A
531;2026-02-18;2;155;1;919;Linha A
532;2026-02-18;11;123;8;527;Linha A
533;2026-02-18;11;232;18;808;Linha D
534;2026-02-18;6;235;16;2295;Linha C
535;2026-02-18;7;128;4;597;Linha C
536;2026-02-18;10;156;4;812;Linha D
537;2026-02-18;5;93;3;255;Linha D
538;2026-02-18;7;104;1;633;Linha A
539;2026-02-18;16;109;3;1005;Linha C
540;2026-02-18;3;244;11;3049;Linha D
541;2026-02-18;12;127;5;893;Linha C
542;2026-02-18;8;148;7;386;Linha A
543;2026-02-18;3;251;8;2381;Linha B
544;2026-02-18;18;95;6;255;Linha D
545;2026-02-19;8;201;6;446;Linha A
546;2026-02-19;17;226;16;542;Linha B
547;2026-02-19;4;273;11;3578;Linha B
548;2026-02-19;5;90;3;256;Linha B
549;2026-02-19;20;146;4;712;Linha D
550;2026-02-19;18;163;11;443;Linha A
551;2026-02-19;20;230;10;822;Linha B
552;2026-02-19;5;225;11;1070;Linha A
553;2026-02-19;10;217;15;791;Linha D
554;2026-02-19;19;235;10;1833;Linha B
555;2026-02-19;20;235;13;821;Linha C
556;2026-02-19;8;92;5;224;Linha A
557;2026-02-20;10;159;4;680;Linha A
558;2026-02-20;8;114;3;245;Linha C
559;2026-02-20;9;266;10;3647;Linha B
560;2026-02-20;14;269;11;1844;Linha A
561;2026-02-20;17;120;1;267;Linha A
562;2026-02-20;6;129;9;1566;Linha B
563;2026-02-20;2;196;2;1092;Linha C
564;2026-02-20;12;198;8;1857;Linha B
565;2026-02-20;12;205;10;1833;Linha D
566;2026-02-20;19;221;7;2005;Linha C
567;2026-02-21;3;152;1;2011;Linha B
568;2026-02-21;8;245;6;561;Linha D
569;2026-02-21;17;85;5;290;Linha B
570;2026-02-21;6;233;15;2416;Linha C
571;2026-02-21;9;188;13;2228;Linha B
572;2026-02-21;15;157;9;1398;Linha A
573;2026-02-21;1;210;16;540;Linha C
574;2026-02-21;10;255;4;1306;Linha C
575;2026-02-21;11;150;4;498;Linha B
576;2026-02-21;2;233;8;1290;Linha A
577;2026-02-21;16;155;4;1403;Linha A
578;2026-02-21;19;261;20;2076;Linha B
579;2026-02-21;18;243;15;803;Linha B
580;2026-02-22;18;126;3;339;Linha C
581;2026-02-22;18;275;20;945;Linha B
582;2026-02-22;12;137;8;958;Linha C
583;2026-02-22;12;146;7;1039;Linha D
584;2026-02-22;2;242;12;940;Linha B
585;2026-02-22;17;110;7;277;Linha D
586;2026-02-22;2;118;2;662;Linha D
587;2026-02-22;5;160;11;652;Linha D
588;2026-02-22;11;241;19;906;Linha A
589;2026-02-22;15;150;3;1871;Linha B
590;2026-02-22;16;275;17;3223;Linha D
591;2026-02-22;13;189;14;408;Linha B
592;2026-02-22;12;83;6;452;Linha A
593;2026-02-22;8;137;8;285;Linha A
594;2026-02-23;17;230;7;860;Linha C
595;2026-02-23;10;196;11;705;Linha D
596;2026-02-23;5;167;13;497;Linha B
597;2026-02-23;6;183;2;2161;Linha B
598;2026-02-23;7;267;3;1068;Linha C
599;2026-02-23;2;176;12;998;Linha A
600;2026-02-23;20;92;5;443;Linha A
601;2026-02-23;14;193;7;1121;Linha B
602;2026-02-23;7;257;14;1604;Linha A
603;2026-02-23;17;149;7;445;Linha A
604;2026-02-23;17;264;14;649;Linha A
605;2026-02-24;7;235;5;1352;Linha B
606;2026-02-24;12;260;10;1806;Linha D
607;2026-02-24;7;256;19;1253;Linha A
608;2026-02-24;3;108;7;1035;Linha A
609;2026-02-24;17;99;6;377;Linha B
610;2026-02-24;15;155;4;1898;Linha B
611;2026-02-24;2;154;5;796;Linha A
612;2026-02-24;4;274;19;3922;Linha B
613;2026-02-24;11;171;12;484;Linha A
614;2026-02-24;12;167;3;1055;Linha D
615;2026-02-24;9;178;10;2098;Linha B
616;2026-02-25;5;258;15;871;Linha D
617;2026-02-25;19;253;10;1525;Linha C
618;2026-02-25;20;87;6;423;Linha D
619;2026-02-25;4;185;7;2259;Linha C
620;2026-02-25;1;260;18;588;Linha B
621;2026-02-25;11;212;9;570;Linha B
622;2026-02-25;16;168;9;1412;Linha A
623;2026-02-25;1;244;18;563;Linha D
624;2026-02-26;6;99;6;920;Linha C
625;2026-02-26;2;209;5;976;Linha B
626;2026-02-26;3;197;8;1887;Linha D
627;2026-02-26;15;160;2;1707;Linha A
628;2026-02-26;4;183;7;1614;Linha A
629;2026-02-26;20;238;13;887;Linha D
630;2026-02-26;11;173;11;763;Linha C
631;2026-02-26;18;276;14;876;Linha C
632;2026-02-26;15;109;1;1151;Linha C
633;2026-02-26;10;220;10;1033;Linha B
634;2026-02-26;16;115;7;954;Linha B
635;2026-02-26;7;110;8;487;Linha B
636;2026-02-26;11;107;6;542;Linha A
637;2026-02-26;15;197;11;1625;Linha D
638;2026-02-27;17;268;3;731;Linha D
639;2026-02-27;17;279;20;897;Linha B
640;2026-02-27;5;106;3;309;Linha C
641;2026-02-27;17;178;6;454;Linha B
642;2026-02-27;9;181;14;2142;Linha B
643;2026-02-27;5;185;9;496;Linha C
644;2026-02-27;18;241;6;913;Linha C
645;2026-02-27;12;252;4;2004;Linha C
646;2026-02-28;4;274;9;2661;Linha D
647;2026-02-28;18;153;10;497;Linha A
648;2026-02-28;1;177;3;513;Linha B
649;2026-02-28;10;254;6;1432;Linha C
650;2026-02-28;7;272;13;1559;Linha A
651;2026-02-28;20;252;15;1313;Linha D
652;2026-02-28;8;210;13;486;Linha A
653;2026-02-28;13;179;7;554;Linha A
654;2026-02-28;1;270;7;626;Linha D
655;2026-02-28;8;242;14;569;Linha B
656;2026-02-28;7;155;6;935;Linha B
657;2026-02-28;17;110;4;258;Linha C
658;2026-02-28;5;121;6;356;Linha D
659;2026-03-01;5;121;2;423;Linha C
660;2026-03-01;16;305;14;4202;Linha C
661;2026-03-01;17;183;14;369;Linha B
662;2026-03-01;14;295;14;2644;Linha B
663;2026-03-01;11;221;7;1000;Linha D
664;2026-03-01;18;367;28;1354;Linha C
665;2026-03-01;15;190;13;1940;Linha B
666;2026-03-01;2;342;24;1827;Linha A
667;2026-03-01;13;195;9;466;Linha C
668;2026-03-01;17;283;11;918;Linha B
669;2026-03-01;11;284;4;1171;Linha A
670;2026-03-01;3;179;10;2549;Linha D
671;2026-03-01;4;178;8;1758;Linha A
672;2026-03-02;5;116;4;345;Linha A
673;2026-03-02;2;168;11;652;Linha B
674;2026-03-02;9;248;9;2653;Linha A
675;2026-03-02;13;340;6;1213;Linha A
676;2026-03-02;19;122;7;1096;Linha A
677;2026-03-02;10;344;10;1734;Linha D
678;2026-03-02;13;244;16;832;Linha B
679;2026-03-02;5;365;13;979;Linha B
680;2026-03-02;10;341;24;1645;Linha A
681;2026-03-02;18;299;5;1066;Linha D
682;2026-03-02;18;297;22;902;Linha C
683;2026-03-02;7;249;18;988;Linha B
684;2026-03-02;8;319;21;697;Linha A
685;2026-03-03;18;267;14;1038;Linha A
686;2026-03-03;9;141;3;1403;Linha C
687;2026-03-03;12;151;8;1068;Linha A
688;2026-03-03;7;217;9;1182;Linha C
689;2026-03-03;19;160;7;1297;Linha D
690;2026-03-03;6;109;3;1282;Linha D
691;2026-03-03;9;232;4;3068;Linha D
692;2026-03-03;15;230;14;2332;Linha B
693;2026-03-03;20;135;9;730;Linha B
694;2026-03-03;9;360;25;5730;Linha A
695;2026-03-03;17;325;3;760;Linha B
696;2026-03-03;2;298;8;1301;Linha B
697;2026-03-03;12;243;6;1539;Linha C
698;2026-03-03;5;267;12;1106;Linha A
699;2026-03-04;8;319;18;527;Linha B
700;2026-03-04;6;302;23;3575;Linha D
701;2026-03-04;12;121;3;728;Linha C
702;2026-03-04;12;187;2;1492;Linha C
703;2026-03-04;13;270;20;811;Linha C
704;2026-03-04;4;351;27;4002;Linha C
705;2026-03-04;19;295;14;2090;Linha C
706;2026-03-04;19;333;24;3127;Linha D
707;2026-03-04;8;286;10;626;Linha D
708;2026-03-04;20;109;4;524;Linha B
709;2026-03-04;3;284;15;3328;Linha B
710;2026-03-04;12;315;18;2939;Linha D
711;2026-03-04;11;356;6;1168;Linha B
712;2026-03-05;14;114;3;966;Linha B
713;2026-03-05;5;325;14;834;Linha B
714;2026-03-05;9;170;7;1903;Linha A
715;2026-03-05;10;136;3;551;Linha D
716;2026-03-05;6;183;12;1377;Linha B
717;2026-03-05;20;334;15;1732;Linha C
718;2026-03-05;15;313;16;3698;Linha B
719;2026-03-05;4;113;2;1033;Linha B
720;2026-03-05;20;140;3;527;Linha A
721;2026-03-05;3;274;15;2690;Linha A
722;2026-03-05;14;287;11;2828;Linha D
723;2026-03-05;8;274;17;525;Linha A
724;2026-03-05;14;153;4;1413;Linha A
725;2026-03-06;20;295;11;1247;Linha A
726;2026-03-06;19;287;5;2591;Linha B
727;2026-03-06;11;248;8;980;Linha C
728;2026-03-06;9;292;11;3607;Linha D
729;2026-03-06;7;249;12;1090;Linha C
730;2026-03-06;18;299;13;1007;Linha D
731;2026-03-06;5;334;6;1247;Linha B
732;2026-03-06;4;180;8;2035;Linha A
733;2026-03-06;6;241;18;3265;Linha B
734;2026-03-06;16;314;12;3755;Linha C
735;2026-03-07;20;120;7;494;Linha C
736;2026-03-07;20;126;9;639;Linha D
737;2026-03-07;1;176;12;349;Linha A
738;2026-03-07;20;283;13;1427;Linha A
739;2026-03-07;12;190;10;1339;Linha C
740;2026-03-07;13;229;13;585;Linha A
741;2026-03-07;3;139;6;1503;Linha C
742;2026-03-07;12;202;5;1584;Linha D
743;2026-03-08;1;197;4;370;Linha A
744;2026-03-08;17;209;7;777;Linha C
745;2026-03-08;18;306;8;1034;Linha D
746;2026-03-08;8;368;12;772;Linha A
747;2026-03-08;16;147;4;1416;Linha B
748;2026-03-08;8;216;8;477;Linha A
749;2026-03-08;9;193;5;2203;Linha C
750;2026-03-08;3;298;22;2998;Linha B
751;2026-03-08;19;199;4;1653;Linha B
752;2026-03-08;8;361;9;730;Linha B
753;2026-03-08;8;321;11;791;Linha A
754;2026-03-08;16;319;3;3059;Linha D
755;2026-03-09;20;216;9;871;Linha D
756;2026-03-09;6;371;27;3610;Linha B
757;2026-03-09;2;288;18;1548;Linha A
758;2026-03-09;17;226;8;682;Linha A
759;2026-03-09;17;265;8;789;Linha B
760;2026-03-09;13;307;5;870;Linha C
761;2026-03-09;6;297;8;2949;Linha C
762;2026-03-09;12;171;7;1328;Linha C
763;2026-03-09;12;245;7;1984;Linha B
764;2026-03-09;4;356;10;4195;Linha D
765;2026-03-10;5;363;7;1410;Linha D
766;2026-03-10;5;325;15;1194;Linha C
767;2026-03-10;9;301;21;4386;Linha B
768;2026-03-10;2;182;12;954;Linha A
769;2026-03-10;15;364;12;3851;Linha C
770;2026-03-10;12;114;4;896;Linha B
771;2026-03-10;19;306;16;1738;Linha C
772;2026-03-10;12;220;12;1537;Linha D
773;2026-03-10;3;238;12;2613;Linha B
774;2026-03-11;6;328;21;3213;Linha D
775;2026-03-11;3;135;2;1660;Linha C
776;2026-03-11;9;315;17;4176;Linha C
777;2026-03-11;19;287;22;1774;Linha A
778;2026-03-11;5;359;9;1371;Linha A
779;2026-03-11;7;164;6;953;Linha D
780;2026-03-11;18;125;1;377;Linha A
781;2026-03-11;4;198;10;2695;Linha D
782;2026-03-11;10;186;5;785;Linha B
783;2026-03-11;5;288;19;1071;Linha C
784;2026-03-11;11;271;11;916;Linha D
785;2026-03-11;5;348;16;1015;Linha D
786;2026-03-11;17;328;17;1002;Linha D
787;2026-03-11;18;186;12;528;Linha D
788;2026-03-12;5;211;2;651;Linha B
789;2026-03-12;12;206;8;1935;Linha D
790;2026-03-12;16;210;2;2111;Linha B
791;2026-03-12;1;297;10;754;Linha D
792;2026-03-12;13;193;4;525;Linha B
793;2026-03-12;9;135;5;1806;Linha C
794;2026-03-12;10;332;20;1390;Linha A
795;2026-03-12;6;153;4;1437;Linha C
796;2026-03-12;20;276;6;1373;Linha A
797;2026-03-12;6;143;4;1683;Linha A
798;2026-03-13;3;159;1;1971;Linha C
799;2026-03-13;16;236;10;2878;Linha B
800;2026-03-13;2;199;12;1328;Linha B
801;2026-03-13;7;194;13;1148;Linha B
802;2026-03-13;13;373;29;1213;Linha A
803;2026-03-13;7;265;16;1759;Linha B
804;2026-03-13;16;241;13;2758;Linha B
805;2026-03-13;2;364;27;1436;Linha D
806;2026-03-13;10;175;6;1031;Linha B
807;2026-03-14;8;326;13;815;Linha C
808;2026-03-14;19;148;5;1065;Linha A
809;2026-03-14;19;378;22;2134;Linha A
810;2026-03-14;8;162;7;283;Linha A
811;2026-03-14;2;230;12;1092;Linha B
812;2026-03-14;16;187;6;1719;Linha C
813;2026-03-14;15;360;8;3460;Linha B
814;2026-03-14;9;121;5;1340;Linha D
815;2026-03-15;19;171;8;1360;Linha C
816;2026-03-15;20;298;6;989;Linha C
817;2026-03-15;9;294;10;4737;Linha D
818;2026-03-15;6;113;6;1216;Linha B
819;2026-03-15;11;356;5;1170;Linha B
820;2026-03-15;17;342;15;709;Linha C
821;2026-03-15;11;248;13;1001;Linha A
822;2026-03-15;2;152;3;921;Linha D
823;2026-03-15;7;141;1;705;Linha C
824;2026-03-16;12;183;9;1418;Linha B
825;2026-03-16;16;135;5;1660;Linha D
826;2026-03-16;12;352;4;1963;Linha A
827;2026-03-16;3;211;3;3077;Linha A
828;2026-03-16;4;357;9;3104;Linha B
829;2026-03-16;19;324;24;2156;Linha D
830;2026-03-16;4;372;20;4072;Linha D
831;2026-03-16;4;164;10;1389;Linha C
832;2026-03-17;6;291;23;2961;Linha C
833;2026-03-17;18;220;15;707;Linha D
834;2026-03-17;11;317;8;884;Linha C
835;2026-03-17;12;263;10;1476;Linha A
836;2026-03-17;10;313;3;1692;Linha C
837;2026-03-17;1;210;16;647;Linha A
838;2026-03-17;9;298;13;3323;Linha B
839;2026-03-17;4;120;5;1255;Linha C
840;2026-03-17;19;193;5;1282;Linha D
841;2026-03-17;19;182;11;1470;Linha B
842;2026-03-17;16;345;20;4526;Linha C
843;2026-03-17;2;360;23;1529;Linha A
844;2026-03-17;11;228;16;735;Linha A
845;2026-03-18;8;365;20;747;Linha D
846;2026-03-18;2;213;9;1136;Linha B
847;2026-03-18;11;280;16;990;Linha D
848;2026-03-18;15;367;18;2988;Linha D
849;2026-03-18;10;243;4;923;Linha A
850;2026-03-18;18;245;6;735;Linha B
851;2026-03-18;5;274;13;825;Linha B
852;2026-03-18;18;319;25;816;Linha A
853;2026-03-18;9;375;15;3327;Linha D
854;2026-03-18;14;233;8;1668;Linha A
855;2026-03-18;10;166;13;645;Linha D
856;2026-03-18;20;157;6;704;Linha C
857;2026-03-18;5;368;22;1402;Linha A
858;2026-03-18;8;321;24;612;Linha A
859;2026-03-19;15;270;3;3516;Linha B
860;2026-03-19;7;295;13;1578;Linha B
861;2026-03-19;1;237;12;437;Linha B
862;2026-03-19;2;205;4;845;Linha D
863;2026-03-19;1;130;4;343;Linha C
864;2026-03-19;4;113;3;994;Linha D
865;2026-03-19;17;352;5;963;Linha A
866;2026-03-19;6;175;7;1618;Linha A
867;2026-03-19;2;193;14;972;Linha D
868;2026-03-19;6;113;3;1086;Linha C
869;2026-03-20;17;202;13;612;Linha A
870;2026-03-20;18;203;5;742;Linha B
871;2026-03-20;3;359;13;3842;Linha B
872;2026-03-20;14;190;9;1457;Linha C
873;2026-03-20;15;294;5;3672;Linha B
874;2026-03-20;5;214;12;676;Linha D
875;2026-03-20;5;333;25;1198;Linha A
876;2026-03-20;6;217;14;2562;Linha C
877;2026-03-20;14;249;7;1685;Linha B
878;2026-03-21;5;171;2;501;Linha B
879;2026-03-21;20;187;4;989;Linha D
880;2026-03-21;5;280;19;918;Linha C
881;2026-03-21;6;241;10;2434;Linha B
882;2026-03-21;2;248;15;1826;Linha D
883;2026-03-21;8;364;20;952;Linha A
884;2026-03-21;6;259;18;2477;Linha D
885;2026-03-21;8;255;9;721;Linha D
886;2026-03-22;11;243;12;753;Linha A
887;2026-03-22;17;144;5;546;Linha B
888;2026-03-22;17;292;11;1019;Linha A
889;2026-03-22;7;207;8;1174;Linha C
890;2026-03-22;15;164;6;1675;Linha B
891;2026-03-22;15;330;13;2705;Linha B
892;2026-03-22;13;249;8;780;Linha B
893;2026-03-22;15;139;3;1800;Linha A
894;2026-03-22;3;147;8;1520;Linha D
895;2026-03-22;17;318;24;805;Linha A
896;2026-03-22;6;222;11;2241;Linha B
897;2026-03-22;6;372;22;3207;Linha D
898;2026-03-22;10;324;7;1738;Linha A
899;2026-03-23;9;112;4;1235;Linha A
900;2026-03-23;20;278;7;1063;Linha D
901;2026-03-23;14;260;4;1402;Linha C
902;2026-03-23;20;324;15;1389;Linha B
903;2026-03-23;2;333;11;2142;Linha C
904;2026-03-23;11;137;1;512;Linha B
905;2026-03-23;10;318;17;1159;Linha B
906;2026-03-23;15;365;18;4461;Linha C
907;2026-03-23;11;234;17;1136;Linha A
908;2026-03-23;10;270;5;1104;Linha D
909;2026-03-23;17;179;10;360;Linha A
910;2026-03-23;16;357;20;3579;Linha C
911;2026-03-24;17;306;24;939;Linha D
912;2026-03-24;17;359;19;972;Linha B
913;2026-03-24;10;174;1;924;Linha A
914;2026-03-24;7;319;25;1341;Linha C
915;2026-03-24;18;328;8;1264;Linha C
916;2026-03-24;3;213;6;1970;Linha A
917;2026-03-24;4;344;11;3467;Linha A
918;2026-03-24;6;174;5;1942;Linha D
919;2026-03-24;16;120;6;1011;Linha D
920;2026-03-24;18;222;9;743;Linha A
921;2026-03-25;17;210;10;586;Linha A
922;2026-03-25;7;306;17;1424;Linha B
923;2026-03-25;9;117;3;1319;Linha B
924;2026-03-25;19;317;11;1769;Linha C
925;2026-03-25;11;352;4;1030;Linha B
926;2026-03-25;12;263;17;1734;Linha C
927;2026-03-25;6;145;5;1951;Linha A
928;2026-03-25;15;282;3;3131;Linha B
929;2026-03-25;7;225;16;938;Linha C
930;2026-03-25;5;372;26;1108;Linha B
931;2026-03-25;7;357;4;1813;Linha A
932;2026-03-25;1;214;16;496;Linha C
933;2026-03-25;15;122;2;1167;Linha C
934;2026-03-25;7;218;5;1080;Linha C
935;2026-03-26;15;338;6;3745;Linha A
936;2026-03-26;1;322;15;936;Linha C
937;2026-03-26;18;217;6;730;Linha B
938;2026-03-26;3;214;11;2522;Linha A
939;2026-03-26;5;117;5;445;Linha A
940;2026-03-26;3;255;9;2742;Linha D
941;2026-03-26;20;230;7;1189;Linha A
942;2026-03-26;15;303;5;2697;Linha C
943;2026-03-26;15;270;7;2979;Linha C
944;2026-03-26;12;243;5;1874;Linha C
945;2026-03-26;15;275;3;2459;Linha D
946;2026-03-26;15;166;4;1878;Linha B
947;2026-03-26;17;143;5;468;Linha A
948;2026-03-26;10;291;12;1015;Linha B
949;2026-03-27;6;274;10;2524;Linha D
950;2026-03-27;14;303;19;1988;Linha B
951;2026-03-27;3;363;27;3851;Linha A
952;2026-03-27;19;313;13;1736;Linha D
953;2026-03-27;6;213;16;2736;Linha D
954;2026-03-27;11;278;15;1120;Linha B
955;2026-03-27;19;368;20;3682;Linha B
956;2026-03-27;15;291;8;2724;Linha B
957;2026-03-27;7;342;24;1840;Linha C
958;2026-03-27;14;355;27;3010;Linha A
959;2026-03-27;20;283;10;1516;Linha A
960;2026-03-27;12;297;23;2801;Linha C
961;2026-03-28;10;117;3;406;Linha C
962;2026-03-28;13;247;9;521;Linha B
963;2026-03-28;16;155;3;1576;Linha C
964;2026-03-28;14;160;4;1197;Linha A
965;2026-03-28;1;156;9;374;Linha B
966;2026-03-28;3;155;8;1804;Linha D
967;2026-03-28;20;170;7;689;Linha D
968;2026-03-28;13;229;5;588;Linha D
969;2026-03-29;8;353;15;788;Linha C
970;2026-03-29;2;120;5;566;Linha D
971;2026-03-29;3;156;9;1715;Linha C
972;2026-03-29;15;286;4;2327;Linha D
973;2026-03-29;3;344;18;3171;Linha A
974;2026-03-29;11;291;18;948;Linha D
975;2026-03-29;19;360;11;3031;Linha C
976;2026-03-29;10;164;2;626;Linha C
977;2026-03-29;2;325;14;1944;Linha C
978;2026-03-29;20;116;3;573;Linha A
979;2026-03-29;9;194;3;2183;Linha C
980;2026-03-29;1;363;6;1134;Linha B
981;2026-03-29;15;234;15;2772;Linha B
982;2026-03-29;16;170;11;2080;Linha A
983;2026-03-30;20;160;10;687;Linha B
984;2026-03-30;15;357;19;4455;Linha C
985;2026-03-30;2;329;9;1906;Linha D
986;2026-03-30;13;271;8;575;Linha D
987;2026-03-30;16;198;3;1596;Linha D
988;2026-03-30;13;341;10;820;Linha A
989;2026-03-30;4;291;15;2847;Linha C
990;2026-03-30;11;201;5;851;Linha D
991;2026-03-30;15;373;21;4850;Linha B
992;2026-03-31;11;341;19;1305;Linha A
993;2026-03-31;1;130;1;413;Linha D
994;2026-03-31;12;183;11;1198;Linha A
995;2026-03-31;20;139;1;531;Linha B
996;2026-03-31;20;328;6;1600;Linha B
997;2026-03-31;13;334;21;828;Linha B
998;2026-03-31;4;348;7;3603;Linha A
999;2026-03-31;15;202;12;2074;Linha A
1000;2026-03-31;9;375;5;3900;Linha A
1001;2026-03-31;9;198;4;2960;Linha B
1002;2026-03-31;20;243;5;868;Linha D
1003;2026-03-31;7;319;17;1621;Linha A
1004;2026-04-01;3;98;4;1229;Linha A
1005;2026-04-01;16;118;6;1687;Linha D
1006;2026-04-01;9;118;6;1312;Linha D
1007;2026-04-01;16;191;7;2469;Linha A
1008;2026-04-01;13;256;17;573;Linha C
1009;2026-04-01;11;254;7;1194;Linha A
1010;2026-04-01;12;216;15;1367;Linha D
1011;2026-04-01;10;245;5;765;Linha D
1012;2026-04-02;7;156;9;1066;Linha C
1013;2026-04-02;16;101;7;999;Linha B
1014;2026-04-02;2;129;1;527;Linha D
1015;2026-04-02;3;218;11;2332;Linha D
1016;2026-04-02;1;89;3;242;Linha A
1017;2026-04-02;13;110;2;249;Linha B
1018;2026-04-02;19;139;10;1383;Linha D
1019;2026-04-02;1;200;14;369;Linha B
1020;2026-04-02;1;124;6;341;Linha A
1021;2026-04-02;15;236;5;1906;Linha A
1022;2026-04-02;4;207;10;1665;Linha B
1023;2026-04-02;14;166;11;1074;Linha B
1024;2026-04-02;11;134;8;369;Linha A
1025;2026-04-03;9;116;7;1628;Linha B
1026;2026-04-03;15;142;10;1757;Linha D
1027;2026-04-03;6;84;6;909;Linha B
1028;2026-04-03;3;260;14;2962;Linha D
1029;2026-04-03;5;132;2;452;Linha D
1030;2026-04-03;8;124;6;349;Linha D
1031;2026-04-03;20;102;5;430;Linha A
1032;2026-04-03;18;140;3;435;Linha C
1033;2026-04-04;18;209;5;719;Linha B
1034;2026-04-04;4;118;6;1120;Linha B
1035;2026-04-04;2;93;5;452;Linha C
1036;2026-04-04;11;237;15;684;Linha A
1037;2026-04-04;18;125;2;513;Linha A
1038;2026-04-04;3;140;8;1389;Linha D
1039;2026-04-04;7;271;15;1325;Linha A
1040;2026-04-04;11;138;2;501;Linha D
1041;2026-04-04;8;98;4;172;Linha D
1042;2026-04-04;5;135;10;381;Linha C
1043;2026-04-04;5;197;11;758;Linha B
1044;2026-04-04;11;112;1;298;Linha B
1045;2026-04-04;4;199;8;2474;Linha B
1046;2026-04-04;10;234;4;929;Linha B
1047;2026-04-05;14;213;9;1814;Linha D
1048;2026-04-05;9;83;5;1029;Linha D
1049;2026-04-05;19;136;9;950;Linha A
1050;2026-04-05;14;91;1;658;Linha A
1051;2026-04-05;14;215;8;1984;Linha B
1052;2026-04-05;3;222;13;2641;Linha B
1053;2026-04-05;12;155;4;1202;Linha C
1054;2026-04-05;6;260;10;2315;Linha A
1055;2026-04-06;15;277;5;2531;Linha C
1056;2026-04-06;15;260;14;3462;Linha C
1057;2026-04-06;17;88;2;255;Linha B
1058;2026-04-06;3;238;17;3482;Linha C
1059;2026-04-06;2;108;3;535;Linha C
1060;2026-04-06;12;124;6;1126;Linha B
1061;2026-04-06;5;165;4;731;Linha B
1062;2026-04-06;8;162;5;356;Linha D
1063;2026-04-06;9;93;1;1100;Linha A
1064;2026-04-06;16;261;12;2467;Linha D
1065;2026-04-06;20;174;11;875;Linha D
1066;2026-04-07;3;180;13;2361;Linha A
1067;2026-04-07;4;122;3;1415;Linha B
1068;2026-04-07;17;240;2;676;Linha B
1069;2026-04-07;16;168;6;2026;Linha A
1070;2026-04-07;1;139;9;304;Linha D
1071;2026-04-07;19;167;9;1244;Linha D
1072;2026-04-07;15;157;7;1572;Linha C
1073;2026-04-07;8;203;7;479;Linha A
1074;2026-04-08;12;152;6;1246;Linha B
1075;2026-04-08;18;153;3;612;Linha B
1076;2026-04-08;6;140;2;1429;Linha D
1077;2026-04-08;9;174;3;1836;Linha C
1078;2026-04-08;12;117;4;787;Linha C
1079;2026-04-08;4;86;3;876;Linha D
1080;2026-04-08;11;119;1;406;Linha C
1081;2026-04-08;10;201;14;751;Linha D
1082;2026-04-08;11;256;4;937;Linha B
1083;2026-04-09;18;109;3;337;Linha B
1084;2026-04-09;15;171;2;2420;Linha B
1085;2026-04-09;19;214;5;1467;Linha A
1086;2026-04-09;18;194;11;904;Linha D
1087;2026-04-09;7;205;6;904;Linha A
1088;2026-04-09;12;181;3;1134;Linha C
1089;2026-04-09;1;152;5;434;Linha A
1090;2026-04-09;7;266;19;1382;Linha C
1091;2026-04-09;6;266;20;2571;Linha D
1092;2026-04-09;5;230;11;801;Linha D
1093;2026-04-09;17;165;2;404;Linha A
1094;2026-04-09;1;184;10;454;Linha D
1095;2026-04-09;19;273;20;2074;Linha D
1096;2026-04-10;18;205;2;738;Linha C
1097;2026-04-10;16;223;13;2207;Linha A
1098;2026-04-10;5;147;4;408;Linha C
1099;2026-04-10;14;125;5;905;Linha C
1100;2026-04-10;16;97;5;1014;Linha D
1101;2026-04-10;9;240;13;3472;Linha A
1102;2026-04-10;9;121;6;1532;Linha B
1103;2026-04-10;12;121;1;846;Linha C
1104;2026-04-10;2;154;4;1020;Linha B
1105;2026-04-10;4;233;14;1930;Linha C
1106;2026-04-11;10;149;8;568;Linha C
1107;2026-04-11;5;83;1;273;Linha D
1108;2026-04-11;14;167;12;1237;Linha B
1109;2026-04-11;17;136;9;321;Linha A
1110;2026-04-11;14;197;14;2002;Linha A
1111;2026-04-11;16;169;5;1558;Linha D
1112;2026-04-11;20;213;13;853;Linha C
1113;2026-04-11;1;270;18;682;Linha B
1114;2026-04-11;8;158;2;436;Linha D
1115;2026-04-11;4;99;1;1006;Linha A
1116;2026-04-11;7;107;1;482;Linha D
1117;2026-04-11;4;144;1;1573;Linha A
1118;2026-04-11;4;234;5;2483;Linha C
1119;2026-04-11;1;103;2;292;Linha C
1120;2026-04-12;6;208;13;1612;Linha A
1121;2026-04-12;4;228;14;1832;Linha B
1122;2026-04-12;10;123;8;380;Linha A
1123;2026-04-12;7;209;14;966;Linha B
1124;2026-04-12;15;252;19;3361;Linha D
1125;2026-04-12;14;134;6;814;Linha C
1126;2026-04-12;4;199;3;2307;Linha C
1127;2026-04-12;10;222;13;1134;Linha A
1128;2026-04-12;13;152;6;439;Linha D
1129;2026-04-12;8;221;8;404;Linha A
1130;2026-04-13;16;253;9;3675;Linha D
1131;2026-04-13;4;181;7;2118;Linha D
1132;2026-04-13;13;257;13;941;Linha B
1133;2026-04-13;3;173;13;1852;Linha D
1134;2026-04-13;4;139;9;1240;Linha C
1135;2026-04-13;13;171;7;439;Linha D
1136;2026-04-13;17;151;3;337;Linha C
1137;2026-04-13;16;207;5;2051;Linha A
1138;2026-04-13;3;207;11;2595;Linha C
1139;2026-04-13;5;157;8;716;Linha D
1140;2026-04-13;15;131;4;1306;Linha C
1141;2026-04-13;18;167;11;465;Linha A
1142;2026-04-13;14;110;4;901;Linha D
1143;2026-04-13;15;89;1;851;Linha C
1144;2026-04-14;6;205;8;2172;Linha D
1145;2026-04-14;4;225;12;2058;Linha D
1146;2026-04-14;16;223;15;1670;Linha C
1147;2026-04-14;16;231;18;2064;Linha C
1148;2026-04-14;11;95;1;387;Linha C
1149;2026-04-14;12;269;13;1860;Linha D
1150;2026-04-14;12;171;6;1595;Linha B
1151;2026-04-14;8;245;7;749;Linha A
1152;2026-04-14;10;109;3;590;Linha A
1153;2026-04-14;15;248;17;2282;Linha D
1154;2026-04-14;9;85;4;738;Linha C
1155;2026-04-14;13;226;8;461;Linha D
1156;2026-04-14;4;256;14;2672;Linha C
1157;2026-04-15;20;156;5;573;Linha A
1158;2026-04-15;18;134;4;522;Linha D
1159;2026-04-15;8;239;14;696;Linha A
1160;2026-04-15;19;166;4;1119;Linha D
1161;2026-04-15;14;133;4;1294;Linha C
1162;2026-04-15;17;156;6;339;Linha D
1163;2026-04-15;13;144;7;376;Linha B
1164;2026-04-15;1;240;14;688;Linha B
1165;2026-04-15;15;148;11;1470;Linha D
1166;2026-04-16;2;213;5;924;Linha B
1167;2026-04-16;10;191;7;1061;Linha D
1168;2026-04-16;9;153;8;1927;Linha B
1169;2026-04-16;13;141;2;375;Linha C
1170;2026-04-16;15;204;10;1996;Linha A
1171;2026-04-16;7;120;3;739;Linha C
1172;2026-04-16;18;125;6;580;Linha D
1173;2026-04-16;1;94;6;282;Linha C
1174;2026-04-16;3;184;13;2606;Linha B
1175;2026-04-16;8;108;5;221;Linha C
1176;2026-04-16;16;103;2;1415;Linha C
1177;2026-04-16;11;229;14;1033;Linha B
1178;2026-04-17;4;124;3;1274;Linha C
1179;2026-04-17;19;94;4;741;Linha A
1180;2026-04-17;11;219;8;994;Linha B
1181;2026-04-17;12;201;12;1249;Linha A
1182;2026-04-17;2;256;19;1400;Linha D
1183;2026-04-17;10;243;18;1157;Linha A
1184;2026-04-17;18;140;9;363;Linha D
1185;2026-04-17;9;157;2;1976;Linha B
1186;2026-04-17;15;241;7;2600;Linha C
1187;2026-04-18;3;279;21;3148;Linha C
1188;2026-04-18;14;105;7;786;Linha C
1189;2026-04-18;14;234;14;1553;Linha D
1190;2026-04-18;1;275;3;800;Linha B
1191;2026-04-18;1;182;4;437;Linha A
1192;2026-04-18;4;120;3;1525;Linha D
1193;2026-04-18;11;195;8;735;Linha C
1194;2026-04-18;10;130;2;509;Linha D
1195;2026-04-18;19;137;1;1428;Linha B
1196;2026-04-18;3;198;4;2250;Linha D
1197;2026-04-18;20;146;2;584;Linha A
1198;2026-04-18;1;263;12;658;Linha D
1199;2026-04-18;4;137;8;1784;Linha C
1200;2026-04-18;10;271;12;1267;Linha B
1201;2026-04-19;7;152;9;871;Linha D
1202;2026-04-19;5;87;2;275;Linha D
1203;2026-04-19;8;174;8;308;Linha D
1204;2026-04-19;5;162;12;527;Linha D
1205;2026-04-19;14;268;13;2229;Linha A
1206;2026-04-19;2;165;12;880;Linha A
1207;2026-04-19;1;144;6;313;Linha D
1208;2026-04-19;12;113;8;589;Linha B
1209;2026-04-19;9;123;5;1626;Linha B
1210;2026-04-19;3;161;9;1539;Linha A
1211;2026-04-19;11;91;7;330;Linha C
1212;2026-04-19;12;190;5;1400;Linha C
1213;2026-04-20;11;191;13;738;Linha D
1214;2026-04-20;5;222;15;604;Linha B
1215;2026-04-20;2;138;3;619;Linha D
1216;2026-04-20;14;109;8;648;Linha C
1217;2026-04-20;18;204;8;920;Linha B
1218;2026-04-20;4;169;2;1612;Linha B
1219;2026-04-20;17;149;7;314;Linha A
1220;2026-04-20;17;276;13;769;Linha B
1221;2026-04-20;16;253;4;2253;Linha A
1222;2026-04-20;13;175;8;656;Linha B
1223;2026-04-20;1;100;4;227;Linha C
1224;2026-04-20;20;248;2;1422;Linha D
1225;2026-04-21;19;113;2;1143;Linha C
1226;2026-04-21;11;94;5;319;Linha D
1227;2026-04-21;3;182;5;2656;Linha D
1228;2026-04-21;3;85;5;1067;Linha D
1229;2026-04-21;10;245;15;1046;Linha D
1230;2026-04-21;14;268;17;2225;Linha B
1231;2026-04-21;12;250;4;1793;Linha D
1232;2026-04-21;15;179;7;1685;Linha A
1233;2026-04-21;14;174;9;1225;Linha A
1234;2026-04-21;2;211;7;1061;Linha B
1235;2026-04-22;17;241;13;781;Linha D
1236;2026-04-22;3;202;6;2748;Linha C
1237;2026-04-22;8;213;8;342;Linha A
1238;2026-04-22;2;211;3;988;Linha D
1239;2026-04-22;19;144;5;795;Linha A
1240;2026-04-22;4;269;15;3367;Linha D
1241;2026-04-22;2;101;3;506;Linha D
1242;2026-04-22;15;239;15;2963;Linha B
1243;2026-04-22;7;127;1;522;Linha A
1244;2026-04-22;14;216;2;1315;Linha B
1245;2026-04-22;16;197;11;1782;Linha C
1246;2026-04-23;20;172;10;745;Linha A
1247;2026-04-23;5;114;1;527;Linha B
1248;2026-04-23;1;133;5;389;Linha D
1249;2026-04-23;18;128;2;347;Linha D
1250;2026-04-23;1;109;2;326;Linha D
1251;2026-04-23;16;200;2;1903;Linha B
1252;2026-04-23;10;225;15;770;Linha A
1253;2026-04-23;4;241;16;2588;Linha D
1254;2026-04-23;19;232;14;1516;Linha D
1255;2026-04-23;16;211;10;2012;Linha D
1256;2026-04-23;8;262;3;705;Linha C
1257;2026-04-23;18;96;2;318;Linha A
1258;2026-04-24;20;245;8;851;Linha C
1259;2026-04-24;7;200;6;1175;Linha C
1260;2026-04-24;20;263;14;1420;Linha D
1261;2026-04-24;14;252;14;2037;Linha B
1262;2026-04-24;20;133;3;764;Linha B
1263;2026-04-24;6;131;2;1062;Linha D
1264;2026-04-24;16;157;4;1173;Linha A
1265;2026-04-24;12;146;5;1056;Linha A
1266;2026-04-24;3;166;6;1492;Linha B
1267;2026-04-24;16;146;11;1603;Linha C
1268;2026-04-24;5;256;18;761;Linha A
1269;2026-04-25;15;273;4;4042;Linha A
1270;2026-04-25;18;90;4;341;Linha B
1271;2026-04-25;12;120;7;835;Linha D
1272;2026-04-25;4;119;6;1351;Linha A
1273;2026-04-25;7;192;14;1179;Linha D
1274;2026-04-25;11;153;6;649;Linha D
1275;2026-04-25;12;241;13;2046;Linha D
1276;2026-04-25;8;115;7;256;Linha D
1277;2026-04-25;17;254;8;859;Linha A
1278;2026-04-25;17;97;1;259;Linha B
1279;2026-04-25;14;95;3;927;Linha B
1280;2026-04-26;2;241;18;1197;Linha D
1281;2026-04-26;13;254;15;740;Linha C
1282;2026-04-26;12;82;5;503;Linha B
1283;2026-04-26;13;194;10;459;Linha D
1284;2026-04-26;12;280;15;2455;Linha A
1285;2026-04-26;2;217;7;1280;Linha C
1286;2026-04-26;7;103;4;547;Linha B
1287;2026-04-26;1;87;6;188;Linha B
1288;2026-04-26;10;265;10;846;Linha A
1289;2026-04-26;12;146;7;936;Linha A
1290;2026-04-26;15;156;7;2117;Linha B
1291;2026-04-26;19;224;13;1527;Linha B
1292;2026-04-27;10;152;8;568;Linha D
1293;2026-04-27;17;268;7;740;Linha B
1294;2026-04-27;12;196;3;1388;Linha A
1295;2026-04-27;3;95;3;1222;Linha D
1296;2026-04-27;3;174;9;1888;Linha D
1297;2026-04-27;9;229;10;2834;Linha D
1298;2026-04-27;14;121;2;1001;Linha D
1299;2026-04-27;5;260;11;661;Linha B
1300;2026-04-27;15;201;2;2754;Linha C
1301;2026-04-27;4;234;16;2740;Linha C
1302;2026-04-28;17;119;2;371;Linha C
1303;2026-04-28;10;204;2;877;Linha D
1304;2026-04-28;2;158;11;846;Linha D
1305;2026-04-28;1;111;5;386;Linha D
1306;2026-04-28;16;226;7;2331;Linha D
1307;2026-04-28;16;264;18;3215;Linha D
1308;2026-04-28;15;250;10;2441;Linha D
1309;2026-04-28;13;139;10;386;Linha D
1310;2026-04-29;9;245;3;3448;Linha C
1311;2026-04-29;18;245;4;597;Linha A
1312;2026-04-29;19;213;4;1449;Linha A
1313;2026-04-29;4;248;18;3242;Linha C
1314;2026-04-29;7;142;9;615;Linha C
1315;2026-04-29;13;230;3;756;Linha B
1316;2026-04-29;14;86;6;622;Linha A
1317;2026-04-29;4;105;5;990;Linha C
1318;2026-04-29;3;119;3;1322;Linha A
1319;2026-04-29;20;163;3;847;Linha A
1320;2026-04-29;11;116;4;393;Linha A
1321;2026-04-29;2;131;3;589;Linha D
1322;2026-04-29;17;272;12;876;Linha C
1323;2026-04-30;18;184;2;739;Linha B
1324;2026-04-30;1;148;7;326;Linha B
1325;2026-04-30;18;246;15;826;Linha D
1326;2026-04-30;3;242;10;3026;Linha B
1327;2026-04-30;8;217;16;392;Linha A
1328;2026-04-30;15;238;7;2512;Linha D
1329;2026-04-30;9;233;6;2885;Linha B
1330;2026-04-30;19;210;6;1859;Linha A
1331;2026-04-30;10;102;3;596;Linha C
1332;2026-04-30;14;133;7;1099;Linha C
1333;2026-04-30;9;272;16;3035;Linha C
1334;2026-05-01;7;305;23;1397;Linha B
1335;2026-05-01;1;364;15;1205;Linha D
1336;2026-05-01;18;399;23;1209;Linha A
1337;2026-05-01;18;134;9;420;Linha C
1338;2026-05-01;13;361;12;1205;Linha A
1339;2026-05-01;4;306;10;3499;Linha B
1340;2026-05-01;1;424;12;982;Linha C
1341;2026-05-01;8;215;16;413;Linha D
1342;2026-05-01;20;206;2;736;Linha C
1343;2026-05-01;19;322;14;1839;Linha B
1344;2026-05-02;19;173;10;1343;Linha B
1345;2026-05-02;17;412;26;1378;Linha A
1346;2026-05-02;18;367;10;1114;Linha A
1347;2026-05-02;14;378;21;3875;Linha C
1348;2026-05-02;14;285;8;1760;Linha C
1349;2026-05-02;17;424;5;1135;Linha D
1350;2026-05-02;18;300;9;825;Linha A
1351;2026-05-02;19;133;10;1249;Linha D
1352;2026-05-03;8;201;4;389;Linha A
1353;2026-05-03;1;313;12;1014;Linha C
1354;2026-05-03;9;221;3;3312;Linha A
1355;2026-05-03;11;330;21;1609;Linha D
1356;2026-05-03;4;372;15;4309;Linha A
1357;2026-05-03;2;272;8;1933;Linha A
1358;2026-05-03;15;145;4;1278;Linha A
1359;2026-05-03;18;144;4;420;Linha D
1360;2026-05-04;20;384;20;1487;Linha D
1361;2026-05-04;20;368;6;1998;Linha C
1362;2026-05-04;19;199;3;1908;Linha A
1363;2026-05-04;19;199;14;1715;Linha C
1364;2026-05-04;12;289;12;1695;Linha B
1365;2026-05-04;5;141;2;491;Linha C
1366;2026-05-04;10;354;25;1525;Linha C
1367;2026-05-04;20;258;7;1425;Linha B
1368;2026-05-04;2;217;9;1048;Linha D
1369;2026-05-05;7;203;11;1283;Linha C
1370;2026-05-05;7;387;16;1908;Linha C
1371;2026-05-05;19;347;26;2044;Linha C
1372;2026-05-05;6;164;6;2049;Linha A
1373;2026-05-05;8;398;10;672;Linha D
1374;2026-05-05;11;416;15;1254;Linha A
1375;2026-05-05;12;127;1;1151;Linha B
1376;2026-05-05;10;297;7;1181;Linha C
1377;2026-05-05;2;134;3;644;Linha C
1378;2026-05-05;6;257;17;2607;Linha A
1379;2026-05-06;9;162;1;2086;Linha A
1380;2026-05-06;11;206;6;801;Linha C
1381;2026-05-06;6;331;25;3048;Linha A
1382;2026-05-06;4;179;12;2245;Linha B
1383;2026-05-06;18;272;15;921;Linha B
1384;2026-05-06;2;426;22;2740;Linha C
1385;2026-05-06;5;252;6;946;Linha D
1386;2026-05-06;7;412;6;2134;Linha A
1387;2026-05-06;6;325;12;2618;Linha D
1388;2026-05-07;11;406;14;1418;Linha D
1389;2026-05-07;16;229;11;2031;Linha B
1390;2026-05-07;8;203;8;482;Linha C
1391;2026-05-07;14;272;13;1898;Linha A
1392;2026-05-07;5;421;6;1311;Linha B
1393;2026-05-07;19;139;5;827;Linha D
1394;2026-05-07;15;294;11;2793;Linha D
1395;2026-05-07;1;193;7;507;Linha C
1396;2026-05-07;3;240;16;2361;Linha A
1397;2026-05-08;9;213;3;3070;Linha B
1398;2026-05-08;11;201;11;690;Linha C
1399;2026-05-08;7;403;21;2685;Linha C
1400;2026-05-08;1;429;13;1169;Linha D
1401;2026-05-08;13;353;22;1204;Linha B
1402;2026-05-08;13;213;5;646;Linha D
1403;2026-05-08;15;258;16;3105;Linha D
1404;2026-05-08;14;206;8;1119;Linha B
1405;2026-05-08;19;173;5;1617;Linha C
1406;2026-05-08;11;212;8;749;Linha C
1407;2026-05-08;11;356;4;1801;Linha B
1408;2026-05-08;11;348;18;1171;Linha D
1409;2026-05-08;13;204;15;707;Linha B
1410;2026-05-08;16;165;5;1592;Linha C
1411;2026-05-09;6;164;9;1591;Linha D
1412;2026-05-09;1;196;4;424;Linha B
1413;2026-05-09;10;384;17;1316;Linha A
1414;2026-05-09;6;252;17;2225;Linha A
1415;2026-05-09;5;336;13;1388;Linha B
1416;2026-05-09;5;204;6;573;Linha C
1417;2026-05-09;19;203;9;1295;Linha A
1418;2026-05-09;5;300;4;956;Linha B
1419;2026-05-10;11;348;24;1136;Linha A
1420;2026-05-10;3;237;13;2407;Linha C
1421;2026-05-10;13;365;24;1089;Linha B
1422;2026-05-10;20;413;16;1837;Linha B
1423;2026-05-10;19;161;6;1398;Linha B
1424;2026-05-10;9;372;17;5876;Linha B
1425;2026-05-10;16;286;22;2186;Linha C
1426;2026-05-10;3;423;7;4811;Linha B
1427;2026-05-10;9;206;9;1955;Linha D
1428;2026-05-10;13;258;16;766;Linha A
1429;2026-05-10;9;168;10;2132;Linha D
1430;2026-05-10;16;306;4;2720;Linha D
1431;2026-05-11;16;234;16;2905;Linha A
1432;2026-05-11;6;240;4;1986;Linha A
1433;2026-05-11;9;184;7;2261;Linha A
1434;2026-05-11;18;209;8;941;Linha A
1435;2026-05-11;13;396;12;1397;Linha A
1436;2026-05-11;13;427;10;1260;Linha B
1437;2026-05-11;7;159;1;1189;Linha C
1438;2026-05-11;7;393;22;2594;Linha A
1439;2026-05-11;6;410;8;3743;Linha C
1440;2026-05-12;18;372;8;1525;Linha D
1441;2026-05-12;14;170;4;1527;Linha B
1442;2026-05-12;1;282;15;864;Linha D
1443;2026-05-12;8;148;8;338;Linha C
1444;2026-05-12;2;150;10;681;Linha D
1445;2026-05-12;4;406;19;3218;Linha A
1446;2026-05-12;20;252;19;1056;Linha B
1447;2026-05-12;11;192;10;787;Linha D
1448;2026-05-12;3;255;2;2443;Linha B
1449;2026-05-12;17;356;21;1134;Linha A
1450;2026-05-13;8;415;16;1047;Linha A
1451;2026-05-13;5;271;12;929;Linha B
1452;2026-05-13;2;217;16;1082;Linha D
1453;2026-05-13;11;176;5;803;Linha D
1454;2026-05-13;10;421;4;1728;Linha B
1455;2026-05-13;18;144;10;571;Linha B
1456;2026-05-13;20;274;12;1318;Linha A
1457;2026-05-13;3;317;4;3605;Linha B
1458;2026-05-13;7;173;2;771;Linha B
1459;2026-05-13;8;323;4;612;Linha B
1460;2026-05-14;14;193;10;1359;Linha D
1461;2026-05-14;7;230;16;977;Linha C
1462;2026-05-14;13;272;5;665;Linha D
1463;2026-05-14;5;314;3;954;Linha A
1464;2026-05-14;10;359;17;1362;Linha C
1465;2026-05-14;13;306;9;812;Linha D
1466;2026-05-14;3;255;4;2478;Linha B
1467;2026-05-14;1;128;9;323;Linha D
1468;2026-05-14;13;418;15;990;Linha A
1469;2026-05-15;2;172;6;687;Linha D
1470;2026-05-15;9;429;31;5157;Linha D
1471;2026-05-15;12;399;5;2895;Linha B
1472;2026-05-15;8;313;3;713;Linha A
1473;2026-05-15;5;226;11;798;Linha B
1474;2026-05-15;1;168;10;375;Linha A
1475;2026-05-15;17;198;14;659;Linha C
1476;2026-05-15;10;322;25;1285;Linha D
1477;2026-05-15;3;165;8;2088;Linha C
1478;2026-05-15;7;420;15;1919;Linha B
1479;2026-05-15;16;124;2;1161;Linha C
1480;2026-05-16;14;190;4;1666;Linha B
1481;2026-05-16;16;195;8;2460;Linha B
1482;2026-05-16;6;203;2;2448;Linha B
1483;2026-05-16;9;285;11;2544;Linha B
1484;2026-05-16;3;240;3;3285;Linha C
1485;2026-05-16;1;354;9;852;Linha A
1486;2026-05-16;1;147;4;485;Linha A
1487;2026-05-16;4;207;9;2612;Linha C
1488;2026-05-16;16;311;19;2600;Linha C
1489;2026-05-16;11;248;16;940;Linha D
1490;2026-05-16;20;145;11;691;Linha A
1491;2026-05-16;15;399;15;4245;Linha A
1492;2026-05-16;17;234;17;689;Linha D
1493;2026-05-17;14;385;8;2500;Linha C
1494;2026-05-17;2;415;13;1847;Linha D
1495;2026-05-17;13;416;21;1370;Linha D
1496;2026-05-17;4;413;15;3297;Linha B
1497;2026-05-17;17;350;22;699;Linha D
1498;2026-05-17;3;243;16;2674;Linha D
1499;2026-05-17;6;300;23;2851;Linha B
1500;2026-05-17;8;207;4;507;Linha A
1501;2026-05-17;6;252;18;2330;Linha C
1502;2026-05-17;16;389;7;4931;Linha D
1503;2026-05-17;3;398;13;5763;Linha A
1504;2026-05-17;11;272;20;935;Linha D
1505;2026-05-18;8;212;5;413;Linha A
1506;2026-05-18;11;416;21;1789;Linha A
1507;2026-05-18;19;269;5;2261;Linha A
1508;2026-05-18;10;147;7;767;Linha D
1509;2026-05-18;11;429;15;1739;Linha B
1510;2026-05-18;4;280;2;2526;Linha C
1511;2026-05-18;8;320;18;803;Linha B
1512;2026-05-18;2;361;11;1800;Linha A
1513;2026-05-18;9;403;20;5361;Linha D
1514;2026-05-18;2;255;5;1638;Linha B
1515;2026-05-18;2;430;9;2192;Linha C
1516;2026-05-18;6;131;6;1283;Linha D
1517;2026-05-18;12;423;15;3809;Linha C
1518;2026-05-18;10;399;29;1385;Linha B
1519;2026-05-19;19;144;10;1064;Linha B
1520;2026-05-19;19;178;7;1141;Linha B
1521;2026-05-19;7;209;13;1304;Linha A
1522;2026-05-19;12;410;28;3842;Linha B
1523;2026-05-19;13;292;16;995;Linha A
1524;2026-05-19;12;311;7;2489;Linha C
1525;2026-05-19;19;296;23;1872;Linha A
1526;2026-05-19;8;280;12;576;Linha D
1527;2026-05-19;3;432;18;4298;Linha D
1528;2026-05-19;12;127;2;1018;Linha B
1529;2026-05-20;19;350;27;2233;Linha A
1530;2026-05-20;19;195;7;1253;Linha B
1531;2026-05-20;4;252;3;2005;Linha A
1532;2026-05-20;13;344;23;785;Linha A
1533;2026-05-20;7;384;27;2475;Linha B
1534;2026-05-20;1;344;14;780;Linha B
1535;2026-05-20;19;204;11;1939;Linha A
1536;2026-05-20;3;172;7;2260;Linha B
1537;2026-05-21;1;221;6;517;Linha C
1538;2026-05-21;18;299;5;944;Linha C
1539;2026-05-21;20;336;15;1929;Linha A
1540;2026-05-21;8;137;3;330;Linha B
1541;2026-05-21;5;362;17;989;Linha B
1542;2026-05-21;20;291;4;1196;Linha B
1543;2026-05-21;13;303;4;873;Linha B
1544;2026-05-21;18;204;3;764;Linha B
1545;2026-05-21;12;347;19;2126;Linha D
1546;2026-05-21;5;248;19;743;Linha B
1547;2026-05-21;3;230;4;3520;Linha D
1548;2026-05-22;11;376;6;1468;Linha B
1549;2026-05-22;8;232;2;524;Linha B
1550;2026-05-22;13;164;10;513;Linha C
1551;2026-05-22;19;317;5;2500;Linha C
1552;2026-05-22;18;230;12;863;Linha D
1553;2026-05-22;6;260;17;2199;Linha D
1554;2026-05-22;16;358;6;4810;Linha B
1555;2026-05-22;5;179;6;535;Linha C
1556;2026-05-23;8;392;20;716;Linha C
1557;2026-05-23;15;322;9;3238;Linha B
1558;2026-05-23;10;375;26;1567;Linha C
1559;2026-05-23;3;375;5;5447;Linha B
1560;2026-05-23;19;145;2;1100;Linha D
1561;2026-05-23;1;291;16;813;Linha A
1562;2026-05-23;13;128;6;465;Linha C
1563;2026-05-23;8;416;23;800;Linha A
1564;2026-05-23;20;300;23;1221;Linha B
1565;2026-05-23;3;268;18;2499;Linha A
1566;2026-05-23;14;319;11;2691;Linha C
1567;2026-05-23;8;337;23;873;Linha D
1568;2026-05-23;10;227;5;787;Linha C
1569;2026-05-24;17;137;10;343;Linha A
1570;2026-05-24;12;125;6;844;Linha A
1571;2026-05-24;1;261;18;714;Linha A
1572;2026-05-24;4;294;13;3870;Linha B
1573;2026-05-24;14;172;12;1457;Linha C
1574;2026-05-24;8;310;11;656;Linha B
1575;2026-05-24;18;229;4;716;Linha D
1576;2026-05-24;6;178;6;1401;Linha B
1577;2026-05-24;4;198;5;2232;Linha C
1578;2026-05-24;2;187;10;1010;Linha C
1579;2026-05-24;4;289;12;2969;Linha B
1580;2026-05-24;11;421;26;1390;Linha D
1581;2026-05-24;5;167;12;639;Linha C
1582;2026-05-25;1;427;24;1416;Linha C
1583;2026-05-25;14;359;22;2428;Linha C
1584;2026-05-25;16;156;9;1830;Linha B
1585;2026-05-25;8;234;14;584;Linha B
1586;2026-05-25;14;201;8;1982;Linha B
1587;2026-05-25;7;358;19;1945;Linha B
1588;2026-05-25;13;137;3;467;Linha D
1589;2026-05-25;1;367;8;1122;Linha C
1590;2026-05-25;8;210;7;369;Linha D
1591;2026-05-25;2;243;4;1206;Linha C
1592;2026-05-25;14;221;7;1887;Linha A
1593;2026-05-25;2;385;23;2126;Linha C
1594;2026-05-26;4;294;6;2689;Linha C
1595;2026-05-26;4;161;9;1505;Linha B
1596;2026-05-26;11;266;16;1029;Linha C
1597;2026-05-26;8;381;11;676;Linha A
1598;2026-05-26;5;373;23;1390;Linha B
1599;2026-05-26;7;403;16;2351;Linha C
1600;2026-05-26;10;410;17;1972;Linha B
1601;2026-05-26;2;173;4;805;Linha C
1602;2026-05-26;12;300;16;2981;Linha A
1603;2026-05-26;16;289;13;2659;Linha B
1604;2026-05-26;20;232;13;1069;Linha A
1605;2026-05-26;7;416;27;2097;Linha A
1606;2026-05-27;15;421;19;4153;Linha D
1607;2026-05-27;20;230;5;1147;Linha B
1608;2026-05-27;19;399;4;2456;Linha C
1609;2026-05-27;10;210;6;913;Linha B
1610;2026-05-27;8;141;6;271;Linha B
1611;2026-05-27;9;176;5;2740;Linha B
1612;2026-05-27;7;334;6;1827;Linha C
1613;2026-05-27;11;156;11;441;Linha B
1614;2026-05-27;14;365;11;3529;Linha A
1615;2026-05-28;12;210;12;1369;Linha A
1616;2026-05-28;18;384;30;942;Linha D
1617;2026-05-28;9;372;20;3419;Linha D
1618;2026-05-28;8;252;7;478;Linha D
1619;2026-05-28;5;300;7;896;Linha D
1620;2026-05-28;3;319;7;4488;Linha B
1621;2026-05-28;7;348;15;2123;Linha A
1622;2026-05-28;10;187;13;766;Linha B
1623;2026-05-28;3;179;2;2290;Linha D
1624;2026-05-28;4;410;19;5506;Linha D
1625;2026-05-28;13;131;2;482;Linha A
1626;2026-05-28;5;221;14;680;Linha A
1627;2026-05-28;1;165;7;457;Linha A
1628;2026-05-28;7;178;7;867;Linha B
1629;2026-05-29;11;313;6;1437;Linha C
1630;2026-05-29;18;172;1;632;Linha C
1631;2026-05-29;4;325;23;2785;Linha B
1632;2026-05-29;1;213;8;574;Linha C
1633;2026-05-29;8;395;14;1083;Linha A
1634;2026-05-29;8;164;12;346;Linha C
1635;2026-05-29;4;266;19;3849;Linha B
1636;2026-05-29;6;292;13;2224;Linha D
1637;2026-05-29;5;387;22;1194;Linha C
1638;2026-05-29;4;230;17;2687;Linha A
1639;2026-05-30;1;182;11;486;Linha D
1640;2026-05-30;15;409;26;4440;Linha A
1641;2026-05-30;19;292;22;1972;Linha C
1642;2026-05-30;5;195;12;632;Linha D
1643;2026-05-30;16;398;31;3664;Linha C
1644;2026-05-30;5;382;28;1157;Linha D
1645;2026-05-30;18;334;14;999;Linha D
1646;2026-05-30;3;353;21;3502;Linha B
1647;2026-05-30;3;217;7;3190;Linha A
1648;2026-05-30;12;344;14;3046;Linha A
1649;2026-05-30;12;266;18;1994;Linha B
1650;2026-05-30;18;289;7;931;Linha B
1651;2026-05-30;4;399;23;4031;Linha D
1652;2026-05-30;12;144;8;758;Linha B
1653;2026-05-31;5;268;5;898;Linha D
1654;2026-05-31;5;426;9;1723;Linha C
1655;2026-05-31;16;286;17;2863;Linha A
1656;2026-05-31;10;167;3;920;Linha B
1657;2026-05-31;17;187;2;490;Linha D
1658;2026-05-31;18;406;27;1117;Linha B
1659;2026-05-31;14;186;5;1749;Linha B
1660;2026-05-31;7;282;15;1605;Linha A
1661;2026-06-01;15;171;5;1862;Linha B
1662;2026-06-01;2;148;8;813;Linha A
1663;2026-06-01;3;146;7;1483;Linha C
1664;2026-06-01;6;185;3;2112;Linha C
1665;2026-06-01;7;187;4;1146;Linha A
1666;2026-06-01;19;190;2;1131;Linha C
1667;2026-06-01;3;135;1;1682;Linha D
1668;2026-06-01;17;109;3;289;Linha B
1669;2026-06-01;4;139;5;1078;Linha B
1670;2026-06-01;1;195;12;459;Linha A
1671;2026-06-01;10;102;2;352;Linha A
1672;2026-06-01;8;114;7;299;Linha B
1673;2026-06-01;17;180;14;429;Linha C
1674;2026-06-01;15;96;3;1091;Linha D
1675;2026-06-02;13;119;2;280;Linha B
1676;2026-06-02;19;204;16;2065;Linha B
1677;2026-06-02;10;187;13;1002;Linha D
1678;2026-06-02;11;104;7;370;Linha C
1679;2026-06-02;12;86;1;522;Linha D
1680;2026-06-02;9;233;16;3476;Linha D
1681;2026-06-02;2;147;10;688;Linha B
1682;2026-06-02;15;147;6;1513;Linha C
1683;2026-06-03;14;177;7;1709;Linha A
1684;2026-06-03;8;220;14;548;Linha A
1685;2026-06-03;10;149;3;637;Linha B
1686;2026-06-03;13;168;9;457;Linha D
1687;2026-06-03;4;85;1;1236;Linha D
1688;2026-06-03;14;111;4;986;Linha D
1689;2026-06-03;7;220;13;1364;Linha A
1690;2026-06-03;18;101;7;384;Linha C
1691;2026-06-04;2;198;12;1462;Linha C
1692;2026-06-04;14;170;4;1554;Linha D
1693;2026-06-04;9;122;6;1649;Linha C
1694;2026-06-04;13;85;2;234;Linha B
1695;2026-06-04;9;107;7;1776;Linha D
1696;2026-06-04;11;231;7;893;Linha D
1697;2026-06-04;16;170;8;2177;Linha D
1698;2026-06-04;12;218;10;1980;Linha B
1699;2026-06-04;3;225;12;1974;Linha C
1700;2026-06-04;1;100;7;281;Linha C
1701;2026-06-04;4;214;8;1976;Linha D
1702;2026-06-04;5;205;8;518;Linha B
1703;2026-06-05;7;158;9;952;Linha B
1704;2026-06-05;12;113;8;756;Linha C
1705;2026-06-05;12;71;2;507;Linha A
1706;2026-06-05;16;209;16;1896;Linha C
1707;2026-06-05;18;160;7;472;Linha B
1708;2026-06-05;15;160;5;1504;Linha D
1709;2026-06-05;13;129;8;334;Linha A
1710;2026-06-05;3;90;1;1353;Linha D
1711;2026-06-05;4;175;10;1701;Linha A
1712;2026-06-05;15;176;8;2530;Linha D
1713;2026-06-05;7;116;7;493;Linha B
1714;2026-06-05;16;94;3;853;Linha D
1715;2026-06-05;1;148;9;293;Linha C
1716;2026-06-06;14;214;5;1269;Linha A
1717;2026-06-06;5;148;10;457;Linha C
1718;2026-06-06;11;104;8;319;Linha D
1719;2026-06-06;7;201;11;1435;Linha D
1720;2026-06-06;5;205;7;756;Linha C
1721;2026-06-06;17;102;4;370;Linha B
1722;2026-06-06;17;93;5;254;Linha C
1723;2026-06-06;18;102;7;332;Linha A
1724;2026-06-06;14;69;3;389;Linha A
1725;2026-06-06;19;150;1;1411;Linha C
1726;2026-06-07;8;209;15;421;Linha B
1727;2026-06-07;13;235;6;758;Linha B
1728;2026-06-07;1;206;16;582;Linha A
1729;2026-06-07;4;98;2;1011;Linha D
1730;2026-06-07;12;113;4;793;Linha D
1731;2026-06-07;3;173;13;2322;Linha D
1732;2026-06-07;13;136;7;368;Linha B
1733;2026-06-07;10;69;5;255;Linha A
1734;2026-06-07;4;141;11;1520;Linha A
1735;2026-06-08;17;228;6;718;Linha A
1736;2026-06-08;18;72;3;243;Linha C
1737;2026-06-08;4;114;1;1222;Linha B
1738;2026-06-08;9;127;5;1824;Linha C
1739;2026-06-08;15;229;15;2297;Linha D
1740;2026-06-08;7;122;2;725;Linha A
1741;2026-06-08;19;234;11;2100;Linha D
1742;2026-06-08;14;164;6;1332;Linha A
1743;2026-06-08;20;151;6;531;Linha A
1744;2026-06-09;6;74;5;758;Linha C
1745;2026-06-09;20;208;15;731;Linha A
1746;2026-06-09;4;107;7;1097;Linha C
1747;2026-06-09;8;83;2;176;Linha C
1748;2026-06-09;4;69;2;954;Linha B
1749;2026-06-09;15;191;12;2373;Linha D
1750;2026-06-09;10;198;4;841;Linha C
1751;2026-06-09;20;213;3;894;Linha D
1752;2026-06-09;11;136;3;668;Linha D
1753;2026-06-09;2;127;5;827;Linha C
1754;2026-06-09;19;151;4;1329;Linha A
1755;2026-06-10;10;96;6;327;Linha A
1756;2026-06-10;11;208;2;610;Linha D
1757;2026-06-10;10;127;4;530;Linha C
1758;2026-06-10;16;200;2;2155;Linha D
1759;2026-06-10;16;207;16;2894;Linha A
1760;2026-06-10;1;116;1;330;Linha C
1761;2026-06-10;14;116;2;1023;Linha C
1762;2026-06-10;18;68;5;262;Linha A
1763;2026-06-10;4;78;5;953;Linha D
1764;2026-06-10;9;219;4;2983;Linha A
1765;2026-06-10;5;136;9;427;Linha D
1766;2026-06-11;15;213;3;1814;Linha D
1767;2026-06-11;16;128;4;1101;Linha C
1768;2026-06-11;10;222;3;866;Linha B
1769;2026-06-11;7;218;3;920;Linha A
1770;2026-06-11;7;169;11;988;Linha C
1771;2026-06-11;7;196;12;946;Linha C
1772;2026-06-11;15;209;4;1709;Linha B
1773;2026-06-11;8;147;5;323;Linha B
1774;2026-06-11;13;108;1;245;Linha C
1775;2026-06-11;19;208;3;1559;Linha A
1776;2026-06-11;8;71;5;162;Linha D
1777;2026-06-11;17;165;5;633;Linha A
1778;2026-06-11;12;161;3;1047;Linha C
1779;2026-06-12;15;126;4;1802;Linha D
1780;2026-06-12;7;131;3;788;Linha D
1781;2026-06-12;17;161;2;575;Linha A
1782;2026-06-12;8;92;1;258;Linha B
1783;2026-06-12;3;183;3;2618;Linha D
1784;2026-06-12;13;153;2;420;Linha B
1785;2026-06-12;7;142;7;588;Linha A
1786;2026-06-12;4;107;4;925;Linha C
1787;2026-06-13;8;104;3;259;Linha C
1788;2026-06-13;15;98;7;960;Linha A
1789;2026-06-13;6;124;8;1446;Linha A
1790;2026-06-13;20;144;11;456;Linha B
1791;2026-06-13;16;91;1;1185;Linha C
1792;2026-06-13;8;181;8;475;Linha A
1793;2026-06-13;10;227;7;941;Linha C
1794;2026-06-13;16;122;4;1699;Linha C
1795;2026-06-13;11;180;11;542;Linha C
1796;2026-06-13;17;226;12;780;Linha B
1797;2026-06-13;5;145;6;561;Linha D
1798;2026-06-13;12;112;6;991;Linha D
1799;2026-06-13;4;127;9;1226;Linha D
1800;2026-06-13;17;105;3;319;Linha D
1801;2026-06-14;14;127;4;1213;Linha C
1802;2026-06-14;20;94;3;382;Linha C
1803;2026-06-14;10;91;7;396;Linha B
1804;2026-06-14;15;215;4;2444;Linha B
1805;2026-06-14;10;173;5;644;Linha A
1806;2026-06-14;7;129;8;747;Linha C
1807;2026-06-14;1;161;5;446;Linha B
1808;2026-06-14;12;129;8;803;Linha B
1809;2026-06-14;3;222;6;2822;Linha A
1810;2026-06-14;10;115;1;459;Linha D
1811;2026-06-14;14;154;11;1594;Linha C
1812;2026-06-14;20;135;2;566;Linha C
1813;2026-06-15;19;97;5;751;Linha D
1814;2026-06-15;18;111;3;432;Linha D
1815;2026-06-15;18;107;3;285;Linha D
1816;2026-06-15;11;176;13;633;Linha D
1817;2026-06-15;15;158;12;1376;Linha A
1818;2026-06-15;14;86;5;595;Linha B
1819;2026-06-15;19;179;6;1128;Linha C
1820;2026-06-15;2;232;16;1325;Linha A
1821;2026-06-15;15;233;16;2545;Linha A
1822;2026-06-15;2;126;8;793;Linha A
1823;2026-06-15;10;190;8;896;Linha A
1824;2026-06-15;19;214;9;2110;Linha B
1825;2026-06-15;18;228;17;772;Linha B
1826;2026-06-15;10;204;6;1185;Linha B
1827;2026-06-16;3;68;1;996;Linha B
1828;2026-06-16;7;90;3;389;Linha A
1829;2026-06-16;4;132;5;1666;Linha C
1830;2026-06-16;20;215;8;707;Linha B
1831;2026-06-16;1;107;2;273;Linha B
1832;2026-06-16;16;171;5;2460;Linha D
1833;2026-06-16;12;212;6;1452;Linha A
1834;2026-06-16;15;158;10;1682;Linha D
1835;2026-06-17;19;152;1;992;Linha D
1836;2026-06-17;2;144;11;763;Linha D
1837;2026-06-17;9;69;5;827;Linha B
1838;2026-06-17;12;221;10;1159;Linha B
1839;2026-06-17;12;209;12;1477;Linha B
1840;2026-06-17;9;238;15;3183;Linha A
1841;2026-06-17;16;149;11;1325;Linha C
1842;2026-06-17;5;219;7;596;Linha D
1843;2026-06-18;2;73;5;396;Linha A
1844;2026-06-18;16;215;9;2764;Linha B
1845;2026-06-18;4;105;6;1067;Linha D
1846;2026-06-18;3;80;4;1018;Linha A
1847;2026-06-18;15;233;8;3573;Linha C
1848;2026-06-18;4;219;9;2881;Linha B
1849;2026-06-18;7;122;5;595;Linha B
1850;2026-06-18;14;182;12;1341;Linha A
1851;2026-06-19;4;112;1;1439;Linha C
1852;2026-06-19;14;191;9;1708;Linha D
1853;2026-06-19;7;113;5;542;Linha C
1854;2026-06-19;20;189;13;1022;Linha D
1855;2026-06-19;3;191;2;1753;Linha A
1856;2026-06-19;16;118;1;959;Linha B
1857;2026-06-19;10;122;4;461;Linha B
1858;2026-06-19;10;84;3;438;Linha C
1859;2026-06-19;13;202;2;710;Linha C
1860;2026-06-19;1;74;2;171;Linha A
1861;2026-06-19;5;112;5;426;Linha A
1862;2026-06-19;8;175;2;356;Linha A
1863;2026-06-19;12;83;6;526;Linha A
1864;2026-06-20;16;96;2;1095;Linha D
1865;2026-06-20;17;116;6;288;Linha B
1866;2026-06-20;1;79;0;224;Linha D
1867;2026-06-20;1;187;8;461;Linha B
1868;2026-06-20;14;220;8;1636;Linha A
1869;2026-06-20;20;147;5;635;Linha A
1870;2026-06-20;8;118;1;300;Linha A
1871;2026-06-20;1;224;6;626;Linha B
1872;2026-06-20;15;107;3;1128;Linha B
1873;2026-06-20;10;96;5;390;Linha A
1874;2026-06-20;3;122;9;1578;Linha C
1875;2026-06-20;8;164;9;388;Linha C
1876;2026-06-21;8;181;13;419;Linha A
1877;2026-06-21;2;142;10;622;Linha A
1878;2026-06-21;7;97;6;395;Linha B
1879;2026-06-21;4;148;8;1500;Linha B
1880;2026-06-21;15;209;13;2498;Linha A
1881;2026-06-21;9;128;6;1671;Linha A
1882;2026-06-21;2;128;8;613;Linha D
1883;2026-06-21;13;164;2;484;Linha D
1884;2026-06-21;18;79;4;329;Linha C
1885;2026-06-21;1;199;12;561;Linha C
1886;2026-06-21;19;114;7;905;Linha D
1887;2026-06-21;14;238;14;2411;Linha D
1888;2026-06-21;10;183;7;693;Linha C
1889;2026-06-21;6;150;6;1500;Linha A
1890;2026-06-22;9;85;6;801;Linha D
1891;2026-06-22;2;201;5;1107;Linha A
1892;2026-06-22;4;134;6;1528;Linha B
1893;2026-06-22;15;168;1;2288;Linha C
1894;2026-06-22;16;206;14;2283;Linha A
1895;2026-06-22;9;200;9;2948;Linha C
1896;2026-06-22;9;124;8;1529;Linha B
1897;2026-06-22;5;202;11;684;Linha A
1898;2026-06-22;6;216;9;2008;Linha A
1899;2026-06-22;18;223;5;831;Linha A
1900;2026-06-23;12;185;11;1022;Linha A
1901;2026-06-23;3;177;7;1521;Linha B
1902;2026-06-23;11;192;6;559;Linha D
1903;2026-06-23;10;98;1;377;Linha C
1904;2026-06-23;14;209;7;1615;Linha B
1905;2026-06-23;12;77;2;680;Linha A
1906;2026-06-23;4;199;4;2085;Linha C
1907;2026-06-23;7;149;10;1025;Linha B
1908;2026-06-23;13;233;18;900;Linha B
1909;2026-06-23;19;176;14;1167;Linha A
1910;2026-06-23;17;79;4;182;Linha C
1911;2026-06-23;9;109;7;1453;Linha C
1912;2026-06-23;8;234;18;565;Linha A
1913;2026-06-24;8;164;10;315;Linha C
1914;2026-06-24;18;177;2;608;Linha B
1915;2026-06-24;15;158;4;2155;Linha B
1916;2026-06-24;14;214;10;1829;Linha C
1917;2026-06-24;11;136;2;439;Linha B
1918;2026-06-24;19;175;9;1613;Linha D
1919;2026-06-24;1;103;1;279;Linha D
1920;2026-06-24;4;95;6;785;Linha B
1921;2026-06-24;3;96;4;1039;Linha D
1922;2026-06-24;12;95;3;526;Linha C
1923;2026-06-24;4;141;10;1510;Linha A
1924;2026-06-24;2;83;5;492;Linha D
1925;2026-06-24;15;228;15;2684;Linha B
1926;2026-06-25;6;225;14;1663;Linha A
1927;2026-06-25;19;196;7;1288;Linha D
1928;2026-06-25;6;178;10;1997;Linha A
1929;2026-06-25;8;132;5;369;Linha D
1930;2026-06-25;10;137;5;733;Linha A
1931;2026-06-25;7;161;7;781;Linha C
1932;2026-06-25;4;142;4;1747;Linha D
1933;2026-06-25;15;116;8;1428;Linha C
1934;2026-06-25;20;231;4;1180;Linha B
1935;2026-06-25;4;112;5;1043;Linha A
1936;2026-06-25;20;76;5;281;Linha B
1937;2026-06-25;1;174;11;530;Linha C
1938;2026-06-25;19;160;9;895;Linha D
1939;2026-06-26;4;223;13;2868;Linha D
1940;2026-06-26;16;124;1;1599;Linha A
1941;2026-06-26;12;85;5;717;Linha C
1942;2026-06-26;6;177;5;1668;Linha A
1943;2026-06-26;11;75;3;215;Linha A
1944;2026-06-26;1;120;2;304;Linha B
1945;2026-06-26;7;124;5;646;Linha D
1946;2026-06-26;10;96;2;578;Linha B
1947;2026-06-26;1;162;2;351;Linha B
1948;2026-06-26;2;158;9;672;Linha B
1949;2026-06-27;12;172;8;1507;Linha B
1950;2026-06-27;10;213;9;852;Linha D
1951;2026-06-27;10;88;2;369;Linha D
1952;2026-06-27;11;121;6;500;Linha C
1953;2026-06-27;4;142;8;1771;Linha D
1954;2026-06-27;16;198;7;1961;Linha C
1955;2026-06-27;17;114;8;250;Linha C
1956;2026-06-27;9;214;6;2529;Linha D
1957;2026-06-27;13;124;9;339;Linha B
1958;2026-06-27;11;205;13;733;Linha B
1959;2026-06-27;19;103;4;1080;Linha C
1960;2026-06-27;5;198;9;913;Linha A
1961;2026-06-27;11;144;9;383;Linha A
1962;2026-06-28;7;146;6;935;Linha D
1963;2026-06-28;8;130;8;272;Linha B
1964;2026-06-28;18;226;6;814;Linha A
1965;2026-06-28;17;90;4;196;Linha C
1966;2026-06-28;10;73;1;303;Linha A
1967;2026-06-28;13;209;7;631;Linha A
1968;2026-06-28;3;177;10;1630;Linha B
1969;2026-06-28;4;227;11;1976;Linha C
1970;2026-06-28;11;159;7;682;Linha D
1971;2026-06-28;7;89;2;388;Linha C
1972;2026-06-28;14;87;2;601;Linha D
1973;2026-06-28;10;220;10;1015;Linha D
1974;2026-06-29;13;148;9;502;Linha A
1975;2026-06-29;13;235;6;642;Linha A
1976;2026-06-29;10;140;2;667;Linha B
1977;2026-06-29;7;174;8;1036;Linha D
1978;2026-06-29;17;225;15;604;Linha D
1979;2026-06-29;9;157;4;2054;Linha A
1980;2026-06-29;11;217;10;788;Linha C
1981;2026-06-29;7;232;11;1127;Linha C
1982;2026-06-29;8;137;5;275;Linha A
1983;2026-06-29;4;159;9;1356;Linha A
1984;2026-06-29;6;181;11;1846;Linha A
1985;2026-06-29;2;159;7;697;Linha D
1986;2026-06-29;13;69;2;195;Linha C
1987;2026-06-30;11;201;14;632;Linha B
1988;2026-06-30;10;181;10;726;Linha C
1989;2026-06-30;17;198;5;455;Linha C
1990;2026-06-30;5;103;4;276;Linha D
1991;2026-06-30;6;100;4;1187;Linha B
1992;2026-06-30;7;218;3;998;Linha A
1993;2026-06-30;20;169;8;891;Linha B
1994;2026-06-30;12;204;2;1521;Linha D
1995;2026-06-30;19;226;7;1511;Linha C
1996;2026-06-30;18;185;10;600;Linha B
1997;2026-06-30;4;226;5;2454;Linha A
1998;2026-06-30;5;181;9;535;Linha C
